,target_id,log2FoldChange,lfcSE,pvalue,padj,gene_name,comparison
1,J667023,8.79024342,2.083303691,5.46E-06,0.001036364,rpl27a,coastal vs. inland
2,NODE_13955_length_881_cov_2.179177_g9942_i0,6.843276444,1.714379328,2.93E-07,0.000127723,dop1b,coastal vs. inland
3,NODE_20835_length_689_cov_1.633028_g17598_i0,5.735651026,2.086204518,0.000145514,0.009829854,dmbt1,coastal vs. inland
4,NODE_19599_length_594_cov_4.654917_g14530_i0,4.904546971,0.809614955,1.72E-10,1.03E-06,hbb3,coastal vs. inland
5,NODE_10087_length_1412_cov_1023.620915_g8225_i0,4.022463474,1.024261666,8.35E-06,0.001405533,gpd-1,coastal vs. inland
6,J674628,3.889179954,1.342461458,7.61E-05,0.006453826,cryzl1,coastal vs. inland
7,S682740,3.668724746,1.393713505,0.00022501,0.013084797,eef1b,coastal vs. inland
8,NODE_11566_length_1263_cov_5.210098_g9470_i0,3.469186583,1.810813397,0.001241092,0.039193657,cdh17,coastal vs. inland
9,J674997,3.103851923,1.134774682,0.000212914,0.012502792,hba5,coastal vs. inland
10,TRINITY_DN8360_c0_g1_i1,2.996342584,1.046894309,0.000247775,0.013615511,nme4,coastal vs. inland
11,NODE_13734_length_1071_cov_78.253861_g4759_i1,2.73368727,0.923277807,0.000134979,0.009364622,odc1-a,coastal vs. inland
12,TRINITY_DN10889_c0_g2_i1,2.49395969,1.069927167,0.001267394,0.039537848,cdh23,coastal vs. inland
13,R665686,2.461507783,0.922749507,0.000210957,0.01247655,hba-l8,coastal vs. inland
14,S668054,2.345047428,1.626400599,0.00057752,0.023801522,atp1b1,coastal vs. inland
15,NODE_12377_length_999_cov_3.248941_g8755_i0,2.309750342,0.653228848,1.96E-05,0.002489375,ervv-2,coastal vs. inland
16,TRINITY_DN20646_c0_g1_i3,2.26128906,0.653789215,2.41E-05,0.002884908,mvd,coastal vs. inland
17,NODE_21490_length_526_cov_103.184713_g16216_i0,2.160206079,0.863561808,0.000327814,0.016183147,hba-l8,coastal vs. inland
18,TRINITY_DN9200_c0_g1_i3,2.09731578,0.614724425,4.65E-05,0.004725085,syna,coastal vs. inland
19,TRINITY_DN5992_c0_g2_i1,2.075558601,1.252913743,0.001286532,0.040065322,kcnf1,coastal vs. inland
20,J670757,2.039050299,0.824325875,0.000140753,0.009653424,rps5,coastal vs. inland
21,TRINITY_DN40863_c0_g1_i1,1.978337596,0.652436365,0.000103601,0.007921744,rbbp9,coastal vs. inland
22,TRINITY_DN29633_c0_g1_i1,1.963386636,0.696649319,0.000157086,0.010488923,mul1a,coastal vs. inland
23,S678399,1.917422907,0.772700078,0.000644647,0.025856406,clns1a,coastal vs. inland
24,TRINITY_DN21476_c0_g1_i4,1.813065825,0.623288623,0.0002291,0.013182083,acly,coastal vs. inland
25,S706976,1.799621284,0.63800063,0.000204861,0.012229745,tma7,coastal vs. inland
26,S695696,1.787941548,0.774087465,0.000704888,0.027655321,ndufb9,coastal vs. inland
27,R666850,1.786223701,0.622096723,0.000134006,0.00934865,,coastal vs. inland
28,R666300,1.748955821,0.39369652,7.20E-07,0.000235069,atp6v1g2,coastal vs. inland
29,NODE_28126_length_477_cov_2.244344_g24511_i0,1.654610478,0.625223943,0.000315369,0.015873593,c1qb,coastal vs. inland
30,J668772,1.638438163,0.583988671,0.000211785,0.012477253,reep1,coastal vs. inland
31,NODE_8538_length_1600_cov_13.626837_g6953_i0,1.615999848,0.761600991,0.001110675,0.036728824,stbd1,coastal vs. inland
32,NODE_28049_length_478_cov_3.661400_g24436_i0,1.600694327,0.646912894,0.000555032,0.02335724,edrf1,coastal vs. inland
33,TRINITY_DN5267_c0_g1_i1,1.567786176,0.705829992,0.001046562,0.035957323,elac1,coastal vs. inland
34,TRINITY_DN37629_c0_g1_i1,1.554324151,0.486326452,6.84E-05,0.00614571,casp8ap2,coastal vs. inland
35,TRINITY_DN615_c0_g2_i1,1.548889895,0.712020991,0.000867377,0.032268927,ldlrap1,coastal vs. inland
36,TRINITY_DN14932_c0_g6_i1,1.548248581,0.569795173,0.000348176,0.016818201,pla2g3,coastal vs. inland
37,NODE_19858_length_728_cov_3.608947_g16715_i0,1.52428133,0.663782141,0.000710945,0.027771691,gtsf1,coastal vs. inland
38,TRINITY_DN3173_c0_g1_i3,1.516410201,0.395197374,4.19E-06,0.000855496,prkag1,coastal vs. inland
39,J674882,1.511948429,0.603455848,0.000389033,0.018402411,capn3,coastal vs. inland
40,NODE_21980_length_646_cov_180.782324_g6672_i1,1.508893839,0.784728951,0.001562907,0.045813816,eno3,coastal vs. inland
41,S403531,1.490388658,0.638276511,0.001096189,0.036515846,dph3,coastal vs. inland
42,NODE_17237_length_691_cov_2.062893_g12541_i0,1.46749328,0.43845875,5.19E-05,0.005066657,zc3h7b,coastal vs. inland
43,R673095,1.466872437,0.442056921,5.28E-05,0.005125644,popdc2,coastal vs. inland
44,J674043,1.463037975,0.682667153,0.000956554,0.034113769,mtch2,coastal vs. inland
45,NODE_1919_length_2947_cov_5.867220_g1303_i0,1.446775465,0.673212465,0.001315679,0.040822072,sqle,coastal vs. inland
46,S673920,1.397517529,1.062394942,0.001658936,0.047841686,gyg1,coastal vs. inland
47,TRINITY_DN36330_c0_g1_i1,1.392190344,0.512438999,0.000327824,0.016183147,d7,coastal vs. inland
48,NODE_4278_length_2384_cov_16.220094_g3183_i1,1.376277178,0.489389916,0.000332415,0.016275371,meis3-a,coastal vs. inland
49,NODE_22902_length_485_cov_2.362791_g17516_i0,1.343748506,0.543959669,0.000726638,0.028323136,znf281,coastal vs. inland
50,TRINITY_DN10212_c0_g1_i1,1.331604421,0.558688413,0.000648173,0.025939925,cenpn-b,coastal vs. inland
51,NODE_9378_length_1491_cov_4.309066_g7200_i1,1.323723402,0.452811901,0.000258533,0.01399269,lrrc39,coastal vs. inland
52,NODE_12997_length_1130_cov_21.231963_g10680_i0,1.322256433,0.34070443,1.09E-05,0.001694133,pycr3,coastal vs. inland
53,NODE_22164_length_640_cov_32.876033_g18820_i0,1.316592653,0.455546297,0.000278872,0.014647265,llph,coastal vs. inland
54,TRINITY_DN320_c0_g1_i1,1.285970764,0.610268773,0.001481006,0.044583462,bod1,coastal vs. inland
55,NODE_16538_length_887_cov_98.529343_g13741_i0,1.27655731,0.332711979,1.07E-05,0.001672799,tomm20,coastal vs. inland
56,NODE_4873_length_2232_cov_8.979062_g3937_i0,1.273468324,0.479997405,0.000389166,0.018402411,cdt1,coastal vs. inland
57,S680663,1.261732295,0.298487616,3.12E-06,0.000719591,fabp7,coastal vs. inland
58,NODE_26603_length_392_cov_8.145401_g21039_i0,1.246548797,0.517612634,0.000655255,0.026107058,cks1b,coastal vs. inland
59,TRINITY_DN14241_c0_g2_i1,1.237814603,0.498492884,0.000581187,0.023892614,ikbip,coastal vs. inland
60,NODE_9989_length_1421_cov_51.058442_g8145_i0,1.198159799,0.353790864,7.25E-05,0.00634476,rab5if,coastal vs. inland
61,NODE_21431_length_666_cov_3.952456_g18139_i0,1.185374753,0.528408308,0.001221118,0.038698876,ninj2,coastal vs. inland
62,NODE_20650_length_555_cov_2.562000_g15462_i0,1.155841121,0.370426617,0.000107007,0.008079059,cers1,coastal vs. inland
63,NODE_8406_length_1391_cov_6.796407_g5895_i0,1.134224787,0.368249342,0.000114123,0.008328512,abraxas1,coastal vs. inland
64,TRINITY_DN11398_c0_g3_i1,1.123466316,0.432401613,0.000445098,0.020248003,gstcd,coastal vs. inland
65,TRINITY_DN1308_c0_g4_i1,1.11770525,0.367370062,0.000148559,0.009997974,ss18l1,coastal vs. inland
66,S670432,1.111696429,0.43306035,0.000562595,0.023619776,dnaja1,coastal vs. inland
67,NODE_20175_length_572_cov_80.135397_g15036_i0,1.106523615,0.291461943,1.12E-05,0.001705751,tmsb10,coastal vs. inland
68,NODE_21914_length_648_cov_58.029364_g18589_i0,1.101090334,0.367786895,0.000137621,0.009474726,,coastal vs. inland
69,NODE_10196_length_1201_cov_5.035777_g7151_i0,1.079458249,0.367870466,0.000198208,0.011992662,slc25a32,coastal vs. inland
70,NODE_12273_length_1197_cov_645.626506_g10073_i0,1.079423699,0.505764921,0.001725534,0.048905562,rpl32,coastal vs. inland
71,NODE_11331_length_1087_cov_2.823643_g7956_i0,1.079386199,0.496649499,0.001046145,0.035957323,slc16a7,coastal vs. inland
72,TRINITY_DN12236_c0_g1_i1,1.076288097,0.401071704,0.000471693,0.020825169,lyplal1,coastal vs. inland
73,S702889,1.07220919,0.418102329,0.000462828,0.020739545,rps4,coastal vs. inland
74,NODE_14652_length_1007_cov_4.104938_g12096_i0,1.043750925,0.441429748,0.000683681,0.026940918,slc25a53,coastal vs. inland
75,NODE_12522_length_1174_cov_35.708516_g10088_i1,1.039678026,0.358155645,0.000285641,0.014791582,h2a.zl1,coastal vs. inland
76,NODE_10601_length_1357_cov_50.277610_g8655_i0,1.037251098,0.415829731,0.000637023,0.025722838,idi1,coastal vs. inland
77,TRINITY_DN9846_c2_g2_i2,1.036282849,0.332417429,8.24E-05,0.006883759,prxl2b,coastal vs. inland
78,NODE_14611_length_839_cov_2.456633_g8280_i1,1.018644547,0.411126278,0.000805132,0.030330016,dclre1c,coastal vs. inland
79,NODE_15408_length_957_cov_5.979393_g12755_i0,1.015526546,0.432599858,0.000951089,0.034113769,lmo3,coastal vs. inland
80,NODE_13175_length_1115_cov_10.151852_g10831_i0,1.013213956,0.332477372,0.000158799,0.010493622,dnajc17,coastal vs. inland
81,TRINITY_DN1917_c0_g1_i1,1.006863861,0.474922561,0.001760802,0.04974819,mmaa,coastal vs. inland
82,NODE_2378_length_3060_cov_8.834050_g1903_i0,1.004015533,0.301431595,9.09E-05,0.007294904,cdh15,coastal vs. inland
83,S697941,1.000014086,0.295301899,3.79E-05,0.004005418,ccnb2,coastal vs. inland
84,TRINITY_DN29324_c0_g1_i1,0.973309881,0.324346399,0.000247683,0.013615511,eaf2,coastal vs. inland
85,TRINITY_DN1161_c0_g1_i3,0.966272754,0.449932536,0.001596506,0.046420105,ccdc167,coastal vs. inland
86,NODE_14007_length_1053_cov_11.319253_g11542_i0,0.960671239,0.364163563,0.000495545,0.02156041,tmem223,coastal vs. inland
87,TRINITY_DN2036_c0_g1_i1,0.928446594,0.339530691,0.000482618,0.0211516,tyrp1,coastal vs. inland
88,S676452,0.920357413,0.3948836,0.000977488,0.034473777,zfand6,coastal vs. inland
89,NODE_16676_length_719_cov_45.813253_g11569_i1,0.919492924,0.33004026,0.000501689,0.021775001,pfdn2,coastal vs. inland
90,NODE_19670_length_591_cov_7.361940_g14592_i0,0.919356274,0.385955541,0.001374517,0.042219998,znhit1,coastal vs. inland
91,J671577,0.909624522,0.349989978,0.000484124,0.021164429,itpr1,coastal vs. inland
92,NODE_11418_length_1277_cov_8.653784_g9348_i0,0.893547169,0.362424811,0.001159318,0.037534736,pop4,coastal vs. inland
93,J670816,0.891191063,0.367601151,0.00126197,0.03950581,timm9,coastal vs. inland
94,R694193,0.89071615,0.307427635,0.000271575,0.014395095,taf6l,coastal vs. inland
95,NODE_16812_length_712_cov_19.718417_g12209_i0,0.890006812,0.306551777,0.000246094,0.013615511,hddc2,coastal vs. inland
96,TRINITY_DN1550_c0_g1_i3,0.885112636,0.294656404,0.000295335,0.015118108,gjc1,coastal vs. inland
97,TRINITY_DN14076_c0_g2_i1,0.880405342,0.319083358,0.000443996,0.020248003,lpar1-b,coastal vs. inland
98,TRINITY_DN2836_c0_g2_i1,0.876619277,0.317201026,0.000232402,0.013193604,gas2,coastal vs. inland
99,TRINITY_DN28916_c0_g1_i1,0.87265655,0.296842398,0.000326357,0.016183147,serinc5,coastal vs. inland
100,TRINITY_DN38494_c0_g1_i1,0.872347305,0.312684567,0.000396311,0.018642166,b4galt7,coastal vs. inland
101,NODE_11528_length_1071_cov_3.283465_g8105_i0,0.868481658,0.380898442,0.001585236,0.046317239,echdc1,coastal vs. inland
102,S407711,0.866107322,0.326410744,0.000482323,0.0211516,mier1,coastal vs. inland
103,TRINITY_DN10923_c0_g2_i1,0.862541717,0.268194805,9.95E-05,0.007740912,emilin3,coastal vs. inland
104,TRINITY_DN33297_c0_g1_i1,0.855843704,0.338342712,0.000983536,0.034585435,scx,coastal vs. inland
105,TRINITY_DN1789_c1_g1_i2,0.846847362,0.288164935,0.000198429,0.011992662,hmgb3,coastal vs. inland
106,TRINITY_DN17258_c0_g1_i5,0.843488331,0.280126286,0.00017176,0.011022693,hmbs,coastal vs. inland
107,NODE_3185_length_2393_cov_14.226262_g2186_i0,0.832658946,0.31296517,0.000545495,0.023117925,rlbp1,coastal vs. inland
108,TRINITY_DN15618_c0_g1_i1,0.826622931,0.288155791,0.000377734,0.017956344,ergic3,coastal vs. inland
109,J666516,0.806681118,0.243083466,5.78E-05,0.005435169,porcn,coastal vs. inland
110,TRINITY_DN11486_c1_g1_i2,0.805973501,0.326397778,0.001074063,0.036292646,dck,coastal vs. inland
111,NODE_12301_length_1195_cov_4.440517_g10097_i0,0.801299976,0.34724478,0.001456144,0.044049569,armt1,coastal vs. inland
112,NODE_12253_length_1010_cov_6.109948_g8661_i0,0.800932956,0.242252255,9.25E-05,0.007387482,sike1,coastal vs. inland
113,NODE_12164_length_1206_cov_41.154569_g9977_i0,0.798246308,0.3150119,0.000990517,0.034762875,snrpa,coastal vs. inland
114,NODE_12442_length_1182_cov_6.786399_g10215_i0,0.794759673,0.24694004,0.000111834,0.008235875,snupn,coastal vs. inland
115,NODE_872_length_3803_cov_16.333511_g583_i0,0.784281235,0.266751582,0.000268968,0.014316652,ubap2l,coastal vs. inland
116,R692788,0.778739962,0.321901252,0.001536268,0.045403301,eme1,coastal vs. inland
117,S684762,0.778093115,0.27786977,0.000399023,0.018720755,thoc3,coastal vs. inland
118,R669999,0.771347876,0.301286215,0.00100585,0.035026259,erh,coastal vs. inland
119,NODE_8310_length_1401_cov_202.778603_g5827_i0,0.768181356,0.255239631,0.000193535,0.011828682,his3.3a,coastal vs. inland
120,NODE_9696_length_1254_cov_9.432861_g6605_i1,0.762377992,0.326455694,0.001547802,0.045669054,emc8,coastal vs. inland
121,TRINITY_DN36446_c0_g1_i1,0.758905318,0.308243114,0.001416142,0.043056945,isy1,coastal vs. inland
122,TRINITY_DN2663_c0_g1_i1,0.745303361,0.298641197,0.001439981,0.043634098,pbdc1,coastal vs. inland
123,NODE_14325_length_856_cov_12.736579_g10237_i0,0.740686449,0.312126593,0.001708154,0.048720339,rab38,coastal vs. inland
124,J667342,0.731519326,0.292677125,0.001368601,0.042110272,hnrnpl,coastal vs. inland
125,NODE_3632_length_2252_cov_3.586709_g2508_i0,0.729990851,0.247355329,0.000295495,0.015118108,she,coastal vs. inland
126,TRINITY_DN35411_c0_g1_i1,0.729436827,0.287490598,0.001212477,0.038673914,ppp1r14b,coastal vs. inland
127,NODE_5445_length_2108_cov_23.493970_g286_i1,0.725538099,0.287295157,0.001065369,0.036248992,tjp1,coastal vs. inland
128,NODE_6820_length_1610_cov_2.842444_g4752_i0,0.723879656,0.297056741,0.001431133,0.043439241,zbtb11,coastal vs. inland
129,NODE_11507_length_1269_cov_9.798217_g9424_i0,0.71562965,0.254438925,0.000437329,0.019995818,fam210b,coastal vs. inland
130,NODE_13737_length_894_cov_13.053635_g9777_i0,0.690512723,0.245264218,0.000589345,0.024122891,srp9,coastal vs. inland
131,NODE_18203_length_798_cov_42.146789_g15222_i0,0.681122985,0.273417051,0.001498262,0.044816779,ccdc58,coastal vs. inland
132,NODE_6399_length_1675_cov_4.012963_g4464_i0,0.676879735,0.272180415,0.001355433,0.041848398,fdxr,coastal vs. inland
133,TRINITY_DN35637_c0_g1_i1,0.675519572,0.235441551,0.000573426,0.023687092,rbp1,coastal vs. inland
134,NODE_7084_length_1572_cov_10.923533_g4944_i0,0.672736421,0.2373028,0.000663238,0.026366649,plin3,coastal vs. inland
135,TRINITY_DN11088_c0_g2_i1,0.668594562,0.267917241,0.001317647,0.040822072,ascl1a,coastal vs. inland
136,NODE_4318_length_2373_cov_30.826347_g3489_i0,0.665635894,0.214238786,0.000211079,0.01247655,rtf1,coastal vs. inland
137,R674784,0.655105026,0.166411024,1.22E-05,0.00178166,stmn1-a,coastal vs. inland
138,NODE_12145_length_1019_cov_80.511411_g8574_i0,0.654556052,0.244078266,0.000904025,0.033270531,mdk,coastal vs. inland
139,NODE_15885_length_760_cov_13.147518_g11464_i0,0.649265931,0.190293552,7.41E-05,0.00634476,mzt1,coastal vs. inland
140,NODE_10738_length_1343_cov_35.775229_g8764_i0,0.647326007,0.260324972,0.001498964,0.044816779,rtn2,coastal vs. inland
141,NODE_10618_length_1157_cov_5.652450_g7440_i0,0.646437283,0.24258891,0.00093803,0.034113769,,coastal vs. inland
142,TRINITY_DN4861_c0_g1_i1,0.644256217,0.254893984,0.001115406,0.036775661,dcps,coastal vs. inland
143,NODE_4685_length_1995_cov_11.936082_g3250_i0,0.630097335,0.232970199,0.000892729,0.033007096,ctnnbl1,coastal vs. inland
144,NODE_8847_length_1343_cov_5.875000_g6215_i0,0.628554078,0.199591034,0.000200181,0.01203025,bambi,coastal vs. inland
145,NODE_23550_length_595_cov_71.876786_g20115_i0,0.626397507,0.183906905,9.81E-05,0.007663651,uqcc2,coastal vs. inland
146,S678313,0.625579579,0.234918571,0.000953803,0.034113769,cbx1,coastal vs. inland
147,TRINITY_DN25441_c0_g1_i1,0.623733287,0.240246054,0.00095857,0.034113769,fam151b,coastal vs. inland
148,S672678,0.61752047,0.234429569,0.001119909,0.036789112,nid2,coastal vs. inland
149,TRINITY_DN37216_c0_g1_i1,0.611049909,0.185679375,0.000163366,0.010632153,h2afv,coastal vs. inland
150,R667130,0.609125721,0.240057084,0.001581477,0.046282657,jpt1,coastal vs. inland
151,NODE_7585_length_1734_cov_19.829311_g6165_i0,0.608715278,0.23364826,0.001213873,0.038673914,tada3,coastal vs. inland
152,TRINITY_DN8078_c0_g2_i1,0.601300679,0.225808246,0.001084116,0.036292646,numa1,coastal vs. inland
153,TRINITY_DN18429_c1_g2_i1,0.599440023,0.214952437,0.000679144,0.026880025,rbm45,coastal vs. inland
154,S673202,0.596979716,0.171123567,7.20E-05,0.006342498,ube2s,coastal vs. inland
155,NODE_9290_length_1296_cov_12.130540_g6519_i0,0.595683082,0.226305507,0.001084108,0.036292646,elovl2,coastal vs. inland
156,TRINITY_DN3826_c0_g1_i1,0.594268783,0.214307117,0.000818233,0.03075084,srp19,coastal vs. inland
157,NODE_16657_length_720_cov_20.649624_g12079_i0,0.583521219,0.211509898,0.000852988,0.031799468,mrps10,coastal vs. inland
158,NODE_9499_length_1475_cov_20.772222_g6987_i1,0.58208194,0.185250812,0.000229845,0.013182083,rnf185,coastal vs. inland
159,NODE_1404_length_3270_cov_9.140902_g946_i0,0.580967082,0.235454603,0.001768238,0.049879861,dusp11,coastal vs. inland
160,NODE_9072_length_1320_cov_15.420553_g6369_i0,0.573410609,0.167057713,0.000104859,0.007983958,dcun1d2,coastal vs. inland
161,NODE_9551_length_1268_cov_41.521847_g6694_i0,0.568423036,0.174506847,0.000201882,0.012092082,glrx3,coastal vs. inland
162,S582958,0.564870924,0.175442467,0.000222812,0.012999027,h2afv,coastal vs. inland
163,TRINITY_DN7088_c1_g1_i1,0.556191393,0.214413023,0.001511503,0.04496721,sox8,coastal vs. inland
164,S699034,0.545382074,0.1999953,0.001118474,0.036789112,psmb3,coastal vs. inland
165,TRINITY_DN30857_c0_g2_i1,0.519554513,0.169637039,0.000354465,0.017030453,hira,coastal vs. inland
166,NODE_6080_length_1724_cov_9.040743_g4225_i1,0.51429673,0.193851246,0.001592643,0.046405351,prpf4,coastal vs. inland
167,NODE_981_length_3673_cov_12.157546_g457_i1,0.512658008,0.171208771,0.000530254,0.022525119,top1,coastal vs. inland
168,NODE_7009_length_1582_cov_12.894565_g4885_i0,0.501902919,0.184116952,0.001187484,0.038107247,rbm17,coastal vs. inland
169,NODE_15703_length_938_cov_47.550388_g13011_i0,0.501641899,0.192221914,0.001667085,0.047841686,fam162a,coastal vs. inland
170,NODE_4800_length_2249_cov_80.544715_g3875_i0,0.48613714,0.147688701,0.000186818,0.011594321,msi1,coastal vs. inland
171,NODE_3598_length_2259_cov_4.817604_g2484_i0,0.484343177,0.168391957,0.000782507,0.029664274,srpk1,coastal vs. inland
172,NODE_14297_length_1033_cov_40.955912_g11784_i0,0.473823213,0.155149943,0.000509924,0.022079098,cwc15,coastal vs. inland
173,NODE_6631_length_1882_cov_17.247970_g5376_i0,0.456171475,0.140091045,0.000245414,0.013615511,prpf31,coastal vs. inland
174,TRINITY_DN3261_c0_g1_i1,0.443378508,0.16471709,0.001628209,0.047154411,hes6,coastal vs. inland
175,NODE_2264_length_2766_cov_16.683512_g1534_i1,0.429061381,0.136210881,0.000413912,0.019119749,ssbp3,coastal vs. inland
176,TRINITY_DN6276_c0_g2_i1,0.334882981,0.111835499,0.001011666,0.035026259,phrf1,coastal vs. inland
177,TRINITY_DN28_c0_g6_i1,0.069509266,0.271261626,0.00027484,0.01452528,ckb,coastal vs. inland
178,NODE_17019_length_861_cov_16.453995_g12803_i1,0.068961836,0.270265305,0.000947796,0.034113769,rab6b,coastal vs. inland
179,J675281,0.05459234,0.26640889,0.001664478,0.047841686,rpl12,coastal vs. inland
180,J670829,0.04271579,0.262768927,0.000566952,0.023641435,gdi2,coastal vs. inland
181,R667137,0.039430841,0.26183238,0.001080665,0.036292646,prdx3,coastal vs. inland
182,NODE_26250_length_400_cov_23.359420_g20693_i0,0.012639262,0.258497697,0.00012344,0.008767173,isyna1-b,coastal vs. inland
183,NODE_22200_length_505_cov_2.080000_g16866_i0,0.012137936,0.258458698,0.000336653,0.016393811,mbd3,coastal vs. inland
184,J671553,0.011321183,0.258391103,5.72E-05,0.005409593,,coastal vs. inland
185,J670311,0.011285066,0.258357918,0.000601029,0.024489551,ddx39a,coastal vs. inland
186,S706691,0.010626728,0.258384035,0.001629634,0.047154411,sgta,coastal vs. inland
187,R671092,0.010110785,0.258357277,0.001205028,0.038528736,oaz,coastal vs. inland
188,S684540,0.009930333,0.25832845,0.000113216,0.008303569,akr1b1,coastal vs. inland
189,R669012,0.007178265,0.258207426,0.000525827,0.022458235,akr1c3,coastal vs. inland
190,TRINITY_DN5055_c0_g1_i1,0.004141513,0.258132653,0.000130108,0.009168271,zp3,coastal vs. inland
191,J670544,-0.005348107,0.258059256,0.001713827,0.048804678,atp13a1,coastal vs. inland
192,TRINITY_DN17891_c0_g1_i1,-0.031146521,0.260141344,0.001045922,0.035957323,,coastal vs. inland
193,TRINITY_DN17891_c0_g2_i1,-0.031527165,0.2602059,0.001127058,0.036887691,,coastal vs. inland
194,R679147,-0.047091277,0.264272454,0.001136419,0.036993333,pfdn2,coastal vs. inland
195,S699729,-0.074050867,0.274078452,0.000748609,0.028928496,fbxo6,coastal vs. inland
196,J669971,-0.082266062,0.276924315,0.000958732,0.034113769,vstm2l,coastal vs. inland
197,NODE_10402_length_1180_cov_2.924444_g6810_i1,-0.099451688,0.286966567,6.86E-06,0.001257259,abhd13,coastal vs. inland
198,TRINITY_DN9745_c0_g4_i2,-0.126643538,0.302756461,0.000603206,0.024522664,nhsl1,coastal vs. inland
199,J665661,-0.134769599,0.311536086,0.0001822,0.011407516,krt15,coastal vs. inland
200,TRINITY_DN3592_c0_g2_i2,-0.151028066,0.324771512,0.001490706,0.044793461,col17a1,coastal vs. inland
201,NODE_11234_length_1097_cov_3.593090_g7107_i2,-0.160805813,0.335885,0.001065948,0.036248992,umod,coastal vs. inland
202,S680513,-0.197122836,0.385973983,0.000141562,0.009671937,krt19,coastal vs. inland
203,NODE_9463_length_1480_cov_4.871280_g7717_i0,-0.204603792,0.397125376,3.72E-05,0.004005418,gp2,coastal vs. inland
204,TRINITY_DN2523_c0_g1_i1,-0.247855748,0.469470482,0.000777355,0.029593835,acss1,coastal vs. inland
205,TRINITY_DN1213_c0_g1_i2,-0.459318537,0.165966143,0.001163273,0.037536813,actn4,coastal vs. inland
206,NODE_1393_length_3710_cov_10.560272_g1099_i0,-0.489036055,0.178316,0.001067155,0.036248992,arhgef1,coastal vs. inland
207,NODE_2885_length_2502_cov_3.282387_g1971_i0,-0.50568618,0.182102908,0.001010914,0.035026259,fam160b2,coastal vs. inland
208,NODE_4031_length_2148_cov_6.763020_g2799_i0,-0.506629171,0.175874967,0.000681783,0.026925165,golph3l-a,coastal vs. inland
209,NODE_2179_length_2809_cov_19.139797_g1477_i0,-0.518970792,0.189964083,0.001073626,0.036292646,slc38a3,coastal vs. inland
210,J666755,-0.539052096,0.208086968,0.001083608,0.036292646,slc6a1,coastal vs. inland
211,S201560,-0.555831081,0.19759311,0.000709356,0.02776999,carmil1,coastal vs. inland
212,NODE_2690_length_2577_cov_82.514274_g1834_i0,-0.576618152,0.205553761,0.000631076,0.025540099,ddx21-b,coastal vs. inland
213,NODE_2079_length_2853_cov_17.767334_g1407_i0,-0.58518641,0.234320973,0.001593417,0.046405351,nfe2l2,coastal vs. inland
214,NODE_4501_length_2037_cov_3.822402_g3119_i0,-0.585545991,0.214483496,0.00086957,0.032283699,stxbp2,coastal vs. inland
215,NODE_11313_length_1286_cov_31.191047_g9266_i0,-0.58804575,0.206517253,0.00064052,0.025748331,sh2d3a,coastal vs. inland
216,TRINITY_DN8598_c0_g2_i1,-0.594188195,0.191286054,0.000239891,0.013470622,vps4b,coastal vs. inland
217,S680588,-0.599251903,0.202555693,0.000365196,0.017499223,gna14,coastal vs. inland
218,TRINITY_DN28_c2_g1_i1,-0.626616584,0.225125026,0.000650325,0.025968182,fam83h,coastal vs. inland
219,NODE_2934_length_2796_cov_5.771822_g2368_i0,-0.634306948,0.249029511,0.001131121,0.036887691,ugcg,coastal vs. inland
220,NODE_5964_length_1745_cov_4.112426_g4146_i0,-0.641296999,0.20487318,0.000189862,0.01172016,galk2,coastal vs. inland
221,NODE_1928_length_3313_cov_10.927090_g1544_i0,-0.653107407,0.223995791,0.000402879,0.018820272,arhgef37,coastal vs. inland
222,TRINITY_DN1969_c0_g2_i1,-0.654843723,0.249513434,0.000902467,0.033270531,myo1e,coastal vs. inland
223,NODE_1676_length_3089_cov_29.334871_g1138_i0,-0.662816238,0.217135776,0.000219984,0.012875869,itm2b,coastal vs. inland
224,S690541,-0.670146711,0.239235347,0.000454964,0.020531117,ciart,coastal vs. inland
225,TRINITY_DN21952_c0_g5_i1,-0.67479533,0.191792198,4.95E-05,0.004923519,tep1,coastal vs. inland
226,TRINITY_DN2405_c0_g2_i1,-0.679894601,0.261221317,0.000823205,0.030817008,ctsc,coastal vs. inland
227,NODE_9847_length_1436_cov_5.546039_g8030_i0,-0.682148544,0.278763297,0.001530572,0.04530946,ddr1,coastal vs. inland
228,NODE_1665_length_3095_cov_3.917763_g1130_i0,-0.685795074,0.27951322,0.001059022,0.036246801,atp9a,coastal vs. inland
229,TRINITY_DN36180_c0_g1_i1,-0.690610203,0.295584493,0.001528098,0.04530946,ezr,coastal vs. inland
230,NODE_8856_length_1342_cov_9.430458_g6221_i0,-0.707314876,0.281294616,0.000919352,0.033576893,ctsd,coastal vs. inland
231,S690043,-0.72292863,0.306494661,0.001606259,0.046628232,st14,coastal vs. inland
232,S332154,-0.727398337,0.210525201,5.01E-05,0.004923519,tjp2,coastal vs. inland
233,NODE_9323_length_1292_cov_79.989491_g6544_i0,-0.737059865,0.278352012,0.000793684,0.030024636,cp37,coastal vs. inland
234,NODE_2665_length_2590_cov_8.457199_g1819_i0,-0.740863428,0.227039719,0.000116658,0.008384883,prkcd,coastal vs. inland
235,R667132,-0.744220496,0.317464979,0.001734125,0.049071634,pon2,coastal vs. inland
236,NODE_3371_length_2646_cov_8.123324_g2718_i0,-0.746822658,0.223515399,7.45E-05,0.00634476,klf4,coastal vs. inland
237,TRINITY_DN2683_c0_g2_i1,-0.75028073,0.323986808,0.00122468,0.038743452,tmem181,coastal vs. inland
238,NODE_338_length_5424_cov_21.899239_g255_i0,-0.75181506,0.239655968,0.000174493,0.011118696,thbs1,coastal vs. inland
239,NODE_9533_length_1471_cov_4.995822_g7771_i0,-0.752451664,0.297951712,0.000765334,0.029322563,celsr1,coastal vs. inland
240,S684871,-0.753063378,0.3306152,0.001348202,0.041696801,ephx1,coastal vs. inland
241,NODE_5488_length_1831_cov_9.705518_g3807_i0,-0.753851947,0.260539407,0.000416308,0.019181116,pld3,coastal vs. inland
242,NODE_10181_length_1203_cov_4.588850_g7142_i0,-0.754760642,0.287917424,0.000762578,0.029322563,arhgap27,coastal vs. inland
243,NODE_2815_length_2527_cov_5.340210_g1921_i0,-0.765863329,0.195758218,9.18E-06,0.001472931,rab27b,coastal vs. inland
244,TRINITY_DN6692_c0_g1_i1,-0.783216682,0.352110996,0.001407618,0.042870307,plekha6,coastal vs. inland
245,NODE_2159_length_3183_cov_17.762389_g1726_i0,-0.789476337,0.31695375,0.001143141,0.037077796,perp,coastal vs. inland
246,NODE_6565_length_1892_cov_3.672590_g5326_i0,-0.795665292,0.337044828,0.001312193,0.040793754,manba,coastal vs. inland
247,NODE_10705_length_1347_cov_7.640244_g8738_i0,-0.802173189,0.332151295,0.001127326,0.036887691,,coastal vs. inland
248,NODE_19400_length_601_cov_3.780220_g14353_i0,-0.804536318,0.334546361,0.001384044,0.042367787,agr3,coastal vs. inland
249,NODE_10986_length_1317_cov_24.782371_g8976_i0,-0.806934423,0.304402872,0.000517191,0.022179984,emp2,coastal vs. inland
250,TRINITY_DN3673_c0_g1_i1,-0.81891012,0.351892379,0.001265752,0.039537848,cic,coastal vs. inland
251,NODE_11791_length_1049_cov_2.226358_g8297_i0,-0.821450835,0.340176451,0.000978442,0.034473777,fcsk,coastal vs. inland
252,NODE_3289_length_2355_cov_27.881739_g2265_i0,-0.823177371,0.247265119,6.71E-05,0.006057014,aplp2,coastal vs. inland
253,S702801,-0.828083601,0.229529143,3.77E-05,0.004005418,hexb,coastal vs. inland
254,NODE_1237_length_3404_cov_7.922365_g826_i0,-0.847642286,0.246794576,4.97E-05,0.004923519,,coastal vs. inland
255,NODE_804_length_4337_cov_4.350302_g627_i0,-0.850240296,0.304460897,0.000269161,0.014316652,,coastal vs. inland
256,NODE_6419_length_1671_cov_32.743193_g4478_i0,-0.860820703,0.274768023,0.000160012,0.010493622,cldn4,coastal vs. inland
257,NODE_9406_length_1284_cov_4.441823_g6602_i0,-0.873874661,0.317549051,0.000513644,0.022133481,gmds,coastal vs. inland
258,TRINITY_DN2703_c0_g1_i1,-0.878451229,0.360601829,0.001245117,0.039225394,fgfbp1,coastal vs. inland
259,NODE_10278_length_1192_cov_4.794195_g7210_i0,-0.887614113,0.279428866,0.000118246,0.008431618,skap2-a,coastal vs. inland
260,NODE_4144_length_2421_cov_3.732188_g3350_i0,-0.88970765,0.328579446,0.000367814,0.017577799,klf10,coastal vs. inland
261,NODE_7571_length_1736_cov_4.303351_g6154_i0,-0.889852268,0.370019283,0.001473395,0.044496528,rassf8,coastal vs. inland
262,NODE_6170_length_1959_cov_4.193867_g5003_i0,-0.895107751,0.375070359,0.001098351,0.036515846,galnt7,coastal vs. inland
263,NODE_3251_length_2686_cov_4.734440_g2622_i0,-0.895897565,0.288877381,0.000134136,0.00934865,pkp1,coastal vs. inland
264,NODE_10107_length_1410_cov_40.114909_g8244_i0,-0.896154225,0.268881584,8.61E-05,0.006966271,stard10,coastal vs. inland
265,NODE_9887_length_1234_cov_8.740458_g6930_i0,-0.898231462,0.43689223,0.00172143,0.048866317,upk1b,coastal vs. inland
266,TRINITY_DN2926_c0_g2_i1,-0.902637009,0.336899135,0.000455892,0.020531117,fcgbp,coastal vs. inland
267,NODE_10142_length_1407_cov_2.604956_g8273_i0,-0.902893663,0.389407398,0.001220942,0.038698876,slc39a10,coastal vs. inland
268,NODE_5721_length_2050_cov_3.699256_g4645_i0,-0.904966162,0.24637639,1.99E-05,0.002489375,cnksr1,coastal vs. inland
269,TRINITY_DN490_c0_g1_i1,-0.919720667,0.364214422,0.000734007,0.028486775,lgals4,coastal vs. inland
270,NODE_17556_length_676_cov_2.956522_g12805_i0,-0.924624678,0.392433488,0.000914485,0.033467161,grhl1,coastal vs. inland
271,NODE_5931_length_1751_cov_4.020637_g4119_i0,-0.941040735,0.209957982,6.21E-07,0.000210584,elf1,coastal vs. inland
272,NODE_9540_length_1470_cov_6.597213_g7775_i0,-0.941046065,0.370385251,0.000555042,0.02335724,cdk10,coastal vs. inland
273,S708616,-0.961979214,0.292616934,7.36E-05,0.00634476,fuca1,coastal vs. inland
274,TRINITY_DN4100_c0_g3_i1,-0.962433616,0.282076986,4.50E-05,0.004677564,irf5,coastal vs. inland
275,NODE_186_length_5554_cov_28.428260_g118_i0,-0.967340095,0.279691003,4.59E-05,0.004708253,ahnak,coastal vs. inland
276,NODE_10759_length_1342_cov_3.346595_g8782_i0,-0.96833771,0.420663705,0.001099397,0.036515846,atp8b1,coastal vs. inland
277,NODE_8366_length_1395_cov_5.583582_g5868_i0,-0.972639184,0.273785896,2.81E-05,0.003258813,casp6,coastal vs. inland
278,TRINITY_DN2174_c0_g1_i7,-0.974883325,0.403666523,0.0008813,0.032651694,cnfn-b,coastal vs. inland
279,TRINITY_DN4091_c0_g2_i1,-0.977614422,0.469780313,0.001557543,0.045806052,elf5,coastal vs. inland
280,TRINITY_DN6468_c0_g1_i1,-0.983204945,0.440005798,0.001383355,0.042367787,f2rl1,coastal vs. inland
281,NODE_2552_length_2629_cov_7.101787_g1736_i0,-0.984240055,0.339900988,0.000232755,0.013193604,capn1,coastal vs. inland
282,TRINITY_DN8156_c0_g1_i1,-0.984648074,0.460658959,0.001508998,0.044967154,mall,coastal vs. inland
283,NODE_35359_length_352_cov_121.479495_g31685_i0,-0.989120415,0.394680629,0.000826749,0.03088535,,coastal vs. inland
284,TRINITY_DN19194_c1_g1_i2,-0.992263741,0.342115865,0.000125859,0.008903757,c50d2.7,coastal vs. inland
285,NODE_21126_length_677_cov_6.939252_g17862_i0,-0.993377185,0.396335973,0.000469387,0.020774415,cxcl14,coastal vs. inland
286,TRINITY_DN15547_c0_g1_i2,-1.00306776,0.289425712,2.36E-05,0.002871309,galc,coastal vs. inland
287,NODE_13632_length_1079_cov_90.061303_g11228_i0,-1.005111462,0.346638671,0.000277749,0.014636002,lgals3,coastal vs. inland
288,S674051,-1.017194836,0.418369629,0.000695469,0.027345462,iqcd,coastal vs. inland
289,NODE_11806_length_1048_cov_2.794562_g8309_i0,-1.01789382,0.303346877,4.76E-05,0.00480396,irf6,coastal vs. inland
290,NODE_6884_length_1838_cov_29.071547_g5589_i0,-1.03053189,0.519059329,0.001562676,0.045813816,ctdsp2,coastal vs. inland
291,NODE_3916_length_2477_cov_16.571253_g2228_i1,-1.035040829,0.274819004,9.74E-06,0.001535656,sytl2,coastal vs. inland
292,NODE_3069_length_2434_cov_4.719630_g2103_i0,-1.049861734,0.404331608,0.000567968,0.023641435,cd109,coastal vs. inland
293,NODE_3219_length_2695_cov_10.798872_g2596_i0,-1.050757335,0.568527875,0.001720068,0.048866317,notch3,coastal vs. inland
294,TRINITY_DN18396_c0_g2_i4,-1.052572215,0.433206497,0.000741483,0.028714876,cul9,coastal vs. inland
295,NODE_4351_length_2363_cov_4.858247_g3518_i0,-1.054587158,0.377217344,0.000321692,0.016012402,fzd10-a,coastal vs. inland
296,TRINITY_DN11822_c0_g2_i1,-1.058391843,0.456193442,0.00106171,0.036248992,arhgap8,coastal vs. inland
297,S689499,-1.065265736,0.372451993,0.000226489,0.013128323,vamp8,coastal vs. inland
298,NODE_3700_length_2549_cov_3.312649_g2990_i0,-1.068755377,0.306523816,2.31E-05,0.00282215,gne,coastal vs. inland
299,TRINITY_DN3737_c0_g2_i1,-1.072481848,0.402067163,0.000410181,0.018996259,dnah9,coastal vs. inland
300,TRINITY_DN12258_c0_g2_i1,-1.075635118,0.364418346,0.000238605,0.013440428,itpr3,coastal vs. inland
301,S65663,-1.080603322,0.493484507,0.001514598,0.044984825,cmbl,coastal vs. inland
302,NODE_7292_length_1772_cov_5.483017_g5924_i0,-1.089954452,0.453366773,0.000906332,0.033270531,aox1,coastal vs. inland
303,TRINITY_DN39040_c0_g1_i1,-1.092160643,0.287376184,8.17E-06,0.001398784,cfap45,coastal vs. inland
304,NODE_5630_length_1800_cov_3.997708_g3446_i1,-1.094769342,0.499643808,0.001663814,0.047841686,junb,coastal vs. inland
305,TRINITY_DN9284_c0_g1_i1,-1.097553043,0.336782963,7.14E-05,0.006317668,,coastal vs. inland
306,TRINITY_DN36318_c0_g1_i1,-1.105645715,0.274649524,3.09E-06,0.000719591,syngr2,coastal vs. inland
307,TRINITY_DN5360_c0_g3_i1,-1.110670697,0.375402323,0.000142684,0.009711697,vit,coastal vs. inland
308,NODE_9610_length_1262_cov_32.636288_g6727_i0,-1.122745008,0.376123237,0.000137051,0.009471826,grn,coastal vs. inland
309,NODE_21162_length_676_cov_3.405616_g8521_i1,-1.132662599,0.509300747,0.001049291,0.035982278,crybg3,coastal vs. inland
310,J672837,-1.134251654,0.47237159,0.000774535,0.029593835,col1a2,coastal vs. inland
311,TRINITY_DN25436_c0_g1_i1,-1.135786428,0.482883625,0.001045001,0.035957323,hsd11b1l,coastal vs. inland
312,NODE_15625_length_944_cov_3.608361_g12942_i0,-1.139398758,0.540531288,0.001481236,0.044583462,glo1,coastal vs. inland
313,NODE_2781_length_2540_cov_8.280483_g1903_i0,-1.139805853,0.414771967,0.00024661,0.013615511,slc39a4,coastal vs. inland
314,TRINITY_DN438_c0_g1_i1,-1.140573169,0.297362222,5.91E-06,0.001094483,anxa1,coastal vs. inland
315,TRINITY_DN8212_c0_g2_i1,-1.141232841,0.500811442,0.001111942,0.036728824,dgkd,coastal vs. inland
316,TRINITY_DN12128_c0_g1_i1,-1.147677349,0.350076012,6.33E-05,0.005740119,clec3b,coastal vs. inland
317,TRINITY_DN3623_c0_g1_i4,-1.148701534,0.399020117,0.0001775,0.011244571,krt36,coastal vs. inland
318,TRINITY_DN28658_c0_g1_i1,-1.156483104,0.331667272,2.65E-05,0.003117489,cxadr,coastal vs. inland
319,NODE_8151_length_1655_cov_18.741358_g6630_i0,-1.15909191,0.529200248,0.00166936,0.047841686,smpdl3a,coastal vs. inland
320,TRINITY_DN11745_c0_g2_i1,-1.159551175,0.450084305,0.000466194,0.020774415,st14,coastal vs. inland
321,NODE_6742_length_1619_cov_91.023018_g4697_i0,-1.166053029,0.242505615,9.11E-08,5.46E-05,krt12,coastal vs. inland
322,NODE_13135_length_1119_cov_3.646679_g10801_i0,-1.168293281,0.433192934,0.000299362,0.015238634,igf2r,coastal vs. inland
323,NODE_4013_length_2455_cov_4.038843_g3244_i0,-1.168993834,0.346642218,4.44E-05,0.004642947,dop1b,coastal vs. inland
324,TRINITY_DN31691_c0_g1_i1,-1.19633641,0.56007105,0.001260936,0.03950581,ell3,coastal vs. inland
325,R673511,-1.200915612,0.455427366,0.00040778,0.018933845,sat1,coastal vs. inland
326,NODE_14523_length_1016_cov_3.604485_g11980_i0,-1.204104236,0.604955534,0.001358008,0.041856011,slc22a4,coastal vs. inland
327,NODE_886_length_4240_cov_13.725327_g696_i0,-1.205458544,0.511353188,0.001009978,0.035026259,slc38a2,coastal vs. inland
328,NODE_1153_length_3502_cov_10.640847_g772_i0,-1.207174697,0.316425912,8.74E-06,0.001441338,cast,coastal vs. inland
329,NODE_2238_length_2780_cov_22.104220_g1519_i0,-1.209600983,0.210283343,9.20E-10,3.31E-06,mvp,coastal vs. inland
330,NODE_7049_length_1577_cov_3.021682_g4916_i0,-1.214445963,0.27305489,4.68E-07,0.00016835,foxq1,coastal vs. inland
331,NODE_13371_length_921_cov_2.535797_g9506_i0,-1.218720854,0.394670778,0.000109693,0.008178752,rhbdd2,coastal vs. inland
332,NODE_14790_length_827_cov_7.231865_g10592_i0,-1.220916932,0.401890192,0.000163899,0.010632153,frrs1,coastal vs. inland
333,NODE_17012_length_862_cov_2.656590_g14164_i0,-1.223991917,0.603402744,0.001498062,0.044816779,tmprss11c,coastal vs. inland
334,NODE_2513_length_3000_cov_4.461046_g2012_i0,-1.225423239,0.489763762,0.000527429,0.022458235,ocln,coastal vs. inland
335,NODE_3595_length_2259_cov_20.766334_g2482_i0,-1.225558353,0.310952602,4.73E-06,0.000934909,tgm3,coastal vs. inland
336,TRINITY_DN3475_c1_g1_i5,-1.228569313,0.563532668,0.001219248,0.038698876,kiaa1217,coastal vs. inland
337,NODE_8009_length_1442_cov_8.954578_g5609_i0,-1.230979052,0.327723255,5.50E-06,0.001036364,,coastal vs. inland
338,TRINITY_DN10764_c0_g1_i1,-1.236594928,0.515542124,0.000431562,0.019782496,sort1,coastal vs. inland
339,NODE_23754_length_590_cov_2.018018_g20304_i0,-1.237154901,0.594187865,0.001679321,0.048050507,cldn23,coastal vs. inland
340,TRINITY_DN4926_c0_g3_i1,-1.237876489,0.582464434,0.001557293,0.045806052,ms4a4a,coastal vs. inland
341,S562699,-1.248041129,0.24596814,1.97E-08,2.08E-05,cpm,coastal vs. inland
342,J674245,-1.249056085,0.504692915,0.000553058,0.02335724,llgl2,coastal vs. inland
343,NODE_24099_length_580_cov_1.743119_g20628_i0,-1.267542379,0.525274019,0.000567221,0.023641435,hexd,coastal vs. inland
344,TRINITY_DN6643_c0_g1_i1,-1.269406842,0.617422004,0.000955507,0.034113769,elf3,coastal vs. inland
345,S684259,-1.272575107,0.606351181,0.000957582,0.034113769,ddx17,coastal vs. inland
346,TRINITY_DN18391_c0_g1_i1,-1.276812512,0.413573686,0.000166834,0.010744919,pigp,coastal vs. inland
347,NODE_6360_length_1926_cov_2.804336_g5156_i0,-1.277632204,0.576290074,0.001178712,0.03795749,tgm6,coastal vs. inland
348,NODE_6475_length_1663_cov_3.635572_g4513_i0,-1.279535264,0.374524395,2.90E-05,0.003334773,myh9,coastal vs. inland
349,S81929,-1.281013222,0.396371342,5.81E-05,0.005436042,ankrd22,coastal vs. inland
350,TRINITY_DN5232_c0_g1_i1,-1.281837346,0.338715246,8.45E-06,0.001405533,rps6ka,coastal vs. inland
351,NODE_7862_length_1695_cov_4.623494_g6386_i0,-1.285333631,0.299954184,1.07E-06,0.000314083,fermt1,coastal vs. inland
352,TRINITY_DN6506_c0_g1_i1,-1.286221568,0.282031658,2.60E-07,0.000120868,sh3bp1,coastal vs. inland
353,NODE_8726_length_1576_cov_5.650227_g7104_i0,-1.286862957,0.425630761,0.000103498,0.007921744,cyp2c8,coastal vs. inland
354,J666048,-1.298488766,0.81014293,0.001083143,0.036292646,smc4,coastal vs. inland
355,S681649,-1.299270335,0.552233558,0.000946881,0.034113769,f2rl2,coastal vs. inland
356,NODE_6083_length_1723_cov_19.767386_g4227_i0,-1.299307488,0.495278266,0.000263029,0.014193314,gp2,coastal vs. inland
357,TRINITY_DN19406_c3_g1_i1,-1.300949871,0.391576019,4.10E-05,0.004312368,tpsb2,coastal vs. inland
358,NODE_6053_length_1730_cov_3.592239_g3976_i1,-1.301632127,0.361104314,1.42E-05,0.00199644,slc37a1,coastal vs. inland
359,NODE_15233_length_799_cov_2.922043_g10938_i0,-1.306563386,0.394701488,7.44E-05,0.00634476,tmem8a,coastal vs. inland
360,NODE_5578_length_2083_cov_4.186523_g4525_i0,-1.311404854,0.29680478,7.10E-07,0.000235069,sytl2,coastal vs. inland
361,NODE_9309_length_1500_cov_4.024573_g7587_i0,-1.317375683,0.500973634,0.000312385,0.01581196,,coastal vs. inland
362,S708537,-1.31882514,0.489860243,0.000316804,0.015901281,tnip1,coastal vs. inland
363,TRINITY_DN28590_c0_g3_i1,-1.323366835,0.384430113,3.49E-05,0.003842125,galnt6,coastal vs. inland
364,TRINITY_DN14560_c0_g1_i1,-1.32745491,0.506535521,0.000485266,0.021164429,erap1,coastal vs. inland
365,TRINITY_DN280_c0_g1_i2,-1.329641838,0.404198838,5.96E-05,0.00546205,sat1,coastal vs. inland
366,NODE_2635_length_2934_cov_3.614350_g2119_i0,-1.332422154,0.362007592,1.55E-05,0.002111822,cdh26,coastal vs. inland
367,NODE_11882_length_1041_cov_2.487830_g8368_i0,-1.341719654,0.458863419,0.000159385,0.010493622,il1r1,coastal vs. inland
368,NODE_8982_length_1543_cov_4.293103_g7321_i0,-1.346305662,0.491062252,0.000468139,0.020774415,il13ra2,coastal vs. inland
369,TRINITY_DN28469_c0_g4_i1,-1.350410993,0.364265616,1.75E-05,0.002347083,rasef,coastal vs. inland
370,NODE_17635_length_828_cov_4.730139_g14713_i0,-1.350679414,0.466424446,0.00018712,0.011594321,tmem40,coastal vs. inland
371,NODE_19095_length_759_cov_2.390884_g16033_i0,-1.358158121,0.386835546,2.41E-05,0.002884908,arhgap8,coastal vs. inland
372,NODE_17333_length_686_cov_2.446910_g12625_i0,-1.364953044,0.34407952,3.52E-06,0.000761061,crybg3,coastal vs. inland
373,TRINITY_DN2262_c0_g1_i1,-1.366267078,0.3020288,3.23E-07,0.000134896,vwa5a,coastal vs. inland
374,TRINITY_DN10009_c0_g3_i1,-1.369100205,0.359718604,7.93E-06,0.00136932,evpl,coastal vs. inland
375,NODE_14244_length_862_cov_2.151177_g10168_i0,-1.372441528,0.384108182,1.34E-05,0.001910384,cdc42bpg,coastal vs. inland
376,TRINITY_DN8714_c0_g1_i1,-1.375994289,0.490405931,0.000240787,0.013478841,epcam,coastal vs. inland
377,S704482,-1.376678786,0.652177571,0.001139368,0.037022264,ecm2,coastal vs. inland
378,NODE_21852_length_516_cov_1.819957_g16551_i0,-1.379834545,0.416297782,5.90E-05,0.00546205,gas6,coastal vs. inland
379,TRINITY_DN1192_c0_g1_i1,-1.380949277,0.613886479,0.000819726,0.03075084,,coastal vs. inland
380,TRINITY_DN3365_c0_g2_i2,-1.385741091,0.368176311,1.33E-05,0.001908246,nccrp1,coastal vs. inland
381,TRINITY_DN19215_c0_g1_i1,-1.386265634,0.289263057,1.12E-07,5.77E-05,stap1,coastal vs. inland
382,NODE_9190_length_1515_cov_2.856757_g7491_i0,-1.388155156,0.355618453,6.93E-06,0.001258493,fer1l4,coastal vs. inland
383,S77256,-1.391685409,0.705386905,0.001393462,0.042511235,tmem8a,coastal vs. inland
384,TRINITY_DN11445_c0_g1_i1,-1.396628612,0.555765183,0.000454443,0.020531117,adap1,coastal vs. inland
385,NODE_8412_length_1618_cov_11.152243_g6849_i0,-1.401798823,0.457782228,8.56E-05,0.006961998,myd88,coastal vs. inland
386,S617206,-1.408604301,0.531278191,0.000320118,0.015978343,tpte2,coastal vs. inland
387,TRINITY_DN14560_c0_g2_i1,-1.414012759,0.353728192,5.17E-06,0.000998295,erap1,coastal vs. inland
388,NODE_3007_length_2452_cov_172.317480_g2059_i0,-1.414431615,0.430635478,5.94E-05,0.00546205,,coastal vs. inland
389,R694617,-1.425665973,0.505456304,0.000161996,0.010585099,tmem50b,coastal vs. inland
390,NODE_230_length_5893_cov_21.626494_g169_i0,-1.427936572,0.342493428,1.81E-06,0.000470458,ppl,coastal vs. inland
391,NODE_13345_length_1101_cov_6.189493_g10977_i0,-1.42804785,0.323883536,7.70E-07,0.000247161,frrs1,coastal vs. inland
392,TRINITY_DN1969_c0_g1_i1,-1.430843026,0.574359798,0.000469221,0.020774415,myo1e,coastal vs. inland
393,TRINITY_DN10007_c0_g1_i1,-1.43555476,0.370164907,4.49E-06,0.000907136,umod,coastal vs. inland
394,NODE_18469_length_787_cov_1.988032_g15465_i0,-1.437534893,0.474734747,0.000111479,0.008235875,nectin4,coastal vs. inland
395,TRINITY_DN4498_c0_g1_i2,-1.439865137,0.737384122,0.000764765,0.029322563,trak1,coastal vs. inland
396,TRINITY_DN2591_c0_g3_i1,-1.443558367,0.480595944,9.61E-05,0.007542442,b3gnt7,coastal vs. inland
397,R683803,-1.446450662,0.745934965,0.000961502,0.034144725,notch3,coastal vs. inland
398,NODE_27863_length_482_cov_2.995526_g24256_i0,-1.446634727,0.710267979,0.001084599,0.036292646,crybg3,coastal vs. inland
399,S663396,-1.448974762,0.542577961,0.000246994,0.013615511,gpr160,coastal vs. inland
400,NODE_1050_length_3609_cov_6.250422_g708_i0,-1.455041131,0.413598479,1.97E-05,0.002489375,cdh1,coastal vs. inland
401,NODE_20955_length_684_cov_2.848998_g17705_i0,-1.457617176,0.513506879,0.000333315,0.016275371,tnk2,coastal vs. inland
402,S682296,-1.462444143,0.456046054,7.12E-05,0.006317668,krt19,coastal vs. inland
403,S694726,-1.463139961,0.497239772,0.000134228,0.00934865,umod,coastal vs. inland
404,NODE_22035_length_645_cov_2.647541_g18700_i0,-1.464056052,0.514645959,0.000174242,0.011118696,sh3tc2,coastal vs. inland
405,NODE_8282_length_1405_cov_2.746667_g5806_i0,-1.465578686,0.489947469,0.000117601,0.008419001,tjp3,coastal vs. inland
406,S690501,-1.46660555,0.688849414,0.001187604,0.038107247,ssr2,coastal vs. inland
407,NODE_11070_length_1309_cov_4.966248_g9049_i0,-1.469411627,0.439160678,5.35E-05,0.005140559,muc15,coastal vs. inland
408,NODE_10912_length_1326_cov_3.125484_g8914_i0,-1.469740125,0.769830524,0.001130438,0.036887691,tbc1d24,coastal vs. inland
409,NODE_10908_length_1326_cov_9.276530_g8910_i0,-1.469997149,0.433981725,3.79E-05,0.004005418,ctss,coastal vs. inland
410,TRINITY_DN1719_c0_g1_i1,-1.474941204,0.473132545,7.03E-05,0.006284068,sytl2,coastal vs. inland
411,NODE_2843_length_2833_cov_39.589707_g2293_i0,-1.478660533,0.521895443,0.000285399,0.014791582,txnip,coastal vs. inland
412,NODE_16035_length_918_cov_2.821065_g13312_i0,-1.47866667,0.566680309,0.000231084,0.013182083,krt12,coastal vs. inland
413,NODE_27693_length_486_cov_3.425721_g24092_i0,-1.478952259,0.607638225,0.000513556,0.022133481,mctp2,coastal vs. inland
414,NODE_8271_length_1639_cov_3.300499_g6724_i0,-1.482527199,0.429641586,3.28E-05,0.003633828,cpras1,coastal vs. inland
415,TRINITY_DN20775_c0_g3_i2,-1.488046819,0.379076374,4.71E-06,0.000934909,dsp,coastal vs. inland
416,NODE_445_length_4438_cov_9.133014_g287_i0,-1.488180335,0.302729112,5.03E-08,4.52E-05,dsp,coastal vs. inland
417,NODE_7606_length_1731_cov_8.481722_g6181_i0,-1.48863692,0.485482711,8.37E-05,0.006897895,prss27,coastal vs. inland
418,NODE_3881_length_2186_cov_20.383857_g2618_i1,-1.48978538,0.227595234,3.60E-12,6.47E-08,spint2,coastal vs. inland
419,TRINITY_DN22900_c0_g1_i1,-1.494729464,0.743019862,0.001644426,0.047505945,klhl26,coastal vs. inland
420,NODE_7778_length_1474_cov_3.358703_g5447_i0,-1.497723581,0.410474992,1.47E-05,0.002053194,emp1,coastal vs. inland
421,NODE_2661_length_2923_cov_3.533934_g2138_i0,-1.499655151,0.330372096,3.99E-07,0.000152666,galnt12,coastal vs. inland
422,TRINITY_DN6496_c0_g2_i1,-1.502962526,0.473684333,0.000114483,0.008328512,itgb4,coastal vs. inland
423,NODE_4592_length_2297_cov_6.624226_g3706_i0,-1.505557259,0.305714945,9.95E-08,5.59E-05,pof1b,coastal vs. inland
424,NODE_27969_length_480_cov_2.546067_g24358_i0,-1.505754958,0.702976397,0.001503464,0.044876646,tnk2,coastal vs. inland
425,NODE_4072_length_2438_cov_6.092801_g3289_i0,-1.506994356,0.339418474,4.17E-07,0.000156114,crybg1,coastal vs. inland
426,TRINITY_DN9774_c0_g2_i1,-1.512829442,0.446334459,2.92E-05,0.003343914,dnah8,coastal vs. inland
427,J676594,-1.527684212,0.354508376,9.72E-07,0.000290987,grhl3,coastal vs. inland
428,S213016,-1.542977178,0.561211097,0.000258264,0.01399269,elmo3,coastal vs. inland
429,NODE_12262_length_1198_cov_56.626827_g8785_i1,-1.544776664,0.385260626,1.11E-06,0.000323083,,coastal vs. inland
430,NODE_2927_length_2801_cov_8.977946_g2362_i0,-1.553101861,0.566119049,0.00017772,0.011244571,dcn,coastal vs. inland
431,TRINITY_DN1147_c0_g1_i13,-1.555923474,0.372999498,1.83E-06,0.000470458,,coastal vs. inland
432,TRINITY_DN10865_c0_g1_i1,-1.558752701,0.571508826,0.000230165,0.013182083,vgll1,coastal vs. inland
433,NODE_23962_length_456_cov_2.211970_g18502_i0,-1.564826015,0.373424385,1.82E-06,0.000470458,gipc2,coastal vs. inland
434,NODE_7563_length_1737_cov_2.945946_g6148_i0,-1.56685061,0.453529787,1.88E-05,0.002456729,crybg1,coastal vs. inland
435,NODE_5414_length_2117_cov_6.433718_g4388_i0,-1.571357113,0.327510692,6.82E-08,4.89E-05,spint1,coastal vs. inland
436,NODE_11991_length_1224_cov_2.814130_g9837_i0,-1.578116801,0.64268372,0.000376981,0.017956344,ptgs2,coastal vs. inland
437,NODE_417_length_4537_cov_32.999331_g266_i0,-1.57906038,0.538929555,0.000257849,0.01399269,muc5ac,coastal vs. inland
438,TRINITY_DN25571_c0_g1_i2,-1.587184999,0.76614355,0.001007556,0.035026259,8-Mar,coastal vs. inland
439,TRINITY_DN7644_c0_g1_i1,-1.587778111,0.778086847,0.001250476,0.039282888,tgm3,coastal vs. inland
440,TRINITY_DN1686_c1_g1_i2,-1.591750348,0.640832167,0.000393149,0.018542003,prss27,coastal vs. inland
441,NODE_7597_length_1733_cov_4.902827_g6173_i0,-1.59393424,0.549339886,0.000143327,0.009718653,nox1,coastal vs. inland
442,TRINITY_DN29481_c0_g1_i1,-1.600160769,0.371655364,1.29E-06,0.000368385,fam177b,coastal vs. inland
443,NODE_9140_length_1313_cov_5.432432_g3520_i3,-1.608601086,0.577803587,0.000155662,0.010436903,msln,coastal vs. inland
444,NODE_27649_length_370_cov_2.104762_g22062_i0,-1.612341508,0.546328337,0.000109474,0.008178752,slc37a1,coastal vs. inland
445,TRINITY_DN39063_c0_g1_i1,-1.627923178,0.747272175,0.00073078,0.028422903,faah,coastal vs. inland
446,NODE_19376_length_602_cov_2.747715_g14330_i0,-1.628108033,0.617230321,0.000269299,0.014316652,il10rb,coastal vs. inland
447,TRINITY_DN3737_c0_g1_i1,-1.641355878,0.477997358,3.27E-05,0.003633828,dnah9,coastal vs. inland
448,NODE_14747_length_1001_cov_3.655280_g12182_i0,-1.641454377,0.601817368,0.000296153,0.015118108,il17rc,coastal vs. inland
449,NODE_7149_length_1793_cov_29.660978_g5806_i0,-1.672669964,0.358876763,3.47E-07,0.000138592,azin2,coastal vs. inland
450,TRINITY_DN9024_c0_g1_i1,-1.681944676,0.700176448,0.000612486,0.024843722,crybg2,coastal vs. inland
451,TRINITY_DN23437_c0_g1_i1,-1.686149478,0.638997392,0.000516612,0.022179984,tgm1,coastal vs. inland
452,S334694,-1.686341166,0.540304575,8.37E-05,0.006897895,boka,coastal vs. inland
453,NODE_24159_length_578_cov_2.629834_g20686_i0,-1.690066558,0.983056312,0.000944967,0.034113769,abo,coastal vs. inland
454,NODE_23258_length_475_cov_2.195238_g17844_i0,-1.690122523,0.439703715,7.58E-06,0.00132233,nectin4,coastal vs. inland
455,NODE_10574_length_1361_cov_3.392157_g8630_i0,-1.696199295,0.586939405,0.000159998,0.010493622,endou,coastal vs. inland
456,NODE_25618_length_538_cov_2.628231_g22072_i0,-1.696228782,0.409067399,1.41E-06,0.000396632,nbeal2,coastal vs. inland
457,NODE_17456_length_837_cov_3.627182_g14561_i0,-1.704418659,0.542528724,5.88E-05,0.00546205,traf3ip2,coastal vs. inland
458,NODE_16036_length_918_cov_2.603624_g13313_i0,-1.710054412,0.582362726,0.000191212,0.011726568,fam83a,coastal vs. inland
459,NODE_5402_length_2119_cov_4.886756_g4379_i0,-1.717366744,0.424486547,1.69E-06,0.000453799,fyb2,coastal vs. inland
460,TRINITY_DN30962_c0_g1_i1,-1.721297268,0.687941409,0.00058239,0.023892614,aox1,coastal vs. inland
461,NODE_20806_length_690_cov_3.030534_g17569_i0,-1.721533138,0.68983542,0.000315269,0.015873593,aldh1l2,coastal vs. inland
462,NODE_24832_length_559_cov_3.005725_g21318_i0,-1.723558353,0.671378491,0.000338424,0.016435531,sytl1,coastal vs. inland
463,NODE_7847_length_1697_cov_7.680505_g6375_i0,-1.727820037,0.452094055,1.31E-05,0.001894261,klf5,coastal vs. inland
464,R668686,-1.733204084,0.574968353,7.68E-05,0.006477932,lum,coastal vs. inland
465,NODE_5421_length_2115_cov_3.018269_g4395_i0,-1.734525909,0.373135025,1.09E-07,5.77E-05,eps8l1,coastal vs. inland
466,NODE_13042_length_1127_cov_4.338828_g10717_i0,-1.738533108,0.432033184,2.15E-06,0.00052919,adam9,coastal vs. inland
467,NODE_11819_length_1240_cov_4.410788_g9689_i0,-1.743663001,0.575225726,6.26E-05,0.005710506,rab11fip1,coastal vs. inland
468,NODE_33911_length_373_cov_2.236686_g30241_i0,-1.749330335,0.758607677,0.000673322,0.026708423,carmil1,coastal vs. inland
469,NODE_10887_length_1328_cov_3.081980_g8893_i0,-1.759135813,0.451722808,3.38E-06,0.000739981,rhobtb1,coastal vs. inland
470,NODE_22097_length_643_cov_2.034539_g18759_i0,-1.764401635,0.897740477,0.001389741,0.042469811,frmpd1,coastal vs. inland
471,TRINITY_DN6518_c0_g1_i6,-1.777196358,0.453509079,3.56E-06,0.000761685,tnc,coastal vs. inland
472,TRINITY_DN18995_c0_g1_i1,-1.783701914,0.813579577,0.001091984,0.036471872,evpl,coastal vs. inland
473,TRINITY_DN4562_c1_g3_i1,-1.786647921,0.438118179,3.23E-06,0.000735417,gpa33,coastal vs. inland
474,TRINITY_DN7376_c0_g2_i1,-1.795905205,0.51829845,1.61E-05,0.002178032,grhl1,coastal vs. inland
475,NODE_4526_length_2314_cov_4.446687_g3653_i0,-1.796412822,0.337018582,5.66E-09,1.02E-05,atp8b1,coastal vs. inland
476,NODE_4500_length_2037_cov_4.602926_g3118_i0,-1.79966981,0.375135267,7.07E-08,4.89E-05,siae,coastal vs. inland
477,NODE_28494_length_469_cov_2.211982_g24873_i0,-1.811905291,0.698287683,0.000405195,0.018862548,stc2,coastal vs. inland
478,TRINITY_DN5393_c0_g2_i1,-1.814596916,0.427003888,2.00E-06,0.000500316,a2m,coastal vs. inland
479,TRINITY_DN9943_c0_g2_i1,-1.818726778,0.826807774,0.000974073,0.034454962,chmp4c,coastal vs. inland
480,NODE_36714_length_335_cov_2.773333_g33040_i0,-1.826295678,0.571913306,9.44E-05,0.007504433,zc3h12a,coastal vs. inland
481,TRINITY_DN17456_c0_g2_i1,-1.832033671,0.751121029,0.000468495,0.020774415,cfap58,coastal vs. inland
482,S635193,-1.836759035,0.833176067,0.000448859,0.02036756,ecm2,coastal vs. inland
483,NODE_20593_length_699_cov_3.209337_g17374_i0,-1.837622364,0.709074816,0.000280658,0.014660322,cyp2r1,coastal vs. inland
484,NODE_20271_length_711_cov_2.307692_g17091_i0,-1.842323773,0.49960675,1.22E-05,0.00178166,,coastal vs. inland
485,NODE_20624_length_698_cov_2.153846_g17399_i0,-1.850324851,0.718416602,0.000279593,0.014647265,,coastal vs. inland
486,NODE_12366_length_1188_cov_83.946227_g10148_i0,-1.856111559,0.834481655,0.001106945,0.036698683,lypd2,coastal vs. inland
487,NODE_25467_length_542_cov_2.051282_g21925_i0,-1.864214388,0.658213097,0.000196905,0.011992662,ntn4,coastal vs. inland
488,TRINITY_DN3729_c0_g4_i1,-1.874226005,0.606867583,0.000111279,0.008235875,aoah,coastal vs. inland
489,NODE_4167_length_2415_cov_11.480672_g3368_i0,-1.882942375,0.405237424,9.62E-08,5.58E-05,prom1a,coastal vs. inland
490,NODE_8365_length_1396_cov_2.615958_g5867_i0,-1.90140521,0.44297756,4.67E-07,0.00016835,esrp1,coastal vs. inland
491,TRINITY_DN13394_c0_g2_i1,-1.910242618,0.855373281,0.000776005,0.029593835,atp8b1,coastal vs. inland
492,S673706,-1.915057477,0.664536648,0.000248928,0.013637181,creb3l4,coastal vs. inland
493,NODE_13183_length_1115_cov_3.331481_g10839_i0,-1.916084957,0.66554731,0.000179987,0.011348007,macc1,coastal vs. inland
494,NODE_11467_length_1273_cov_2.647011_g9392_i0,-1.918732479,0.497563785,5.54E-06,0.001036364,nxpe2,coastal vs. inland
495,NODE_24161_length_578_cov_2.379374_g20688_i0,-1.924279315,0.493187666,3.64E-06,0.000769101,ripk4,coastal vs. inland
496,TRINITY_DN7376_c0_g1_i1,-1.926929604,0.700730092,0.000183886,0.011473073,grhl1,coastal vs. inland
497,NODE_11070_length_1112_cov_5.235572_g7775_i0,-1.927049801,0.571967596,1.78E-05,0.002371295,,coastal vs. inland
498,S584229,-1.930813156,0.426057265,5.69E-07,0.000198999,pkp3,coastal vs. inland
499,J666970,-1.943305232,0.824941607,0.000804841,0.030330016,hadh,coastal vs. inland
500,S12277,-1.943505632,0.868838075,0.000781028,0.029664274,grhl3,coastal vs. inland
501,NODE_26567_length_513_cov_9.527197_g22997_i0,-1.943648132,0.714692808,0.000210296,0.01247655,trim51,coastal vs. inland
502,NODE_17576_length_831_cov_3.120603_g14667_i0,-1.949249183,0.576820834,4.63E-05,0.004725085,mas1,coastal vs. inland
503,NODE_3085_length_2738_cov_4.636700_g2488_i0,-1.953982513,0.450970566,8.26E-07,0.000260479,lama3,coastal vs. inland
504,NODE_27279_length_378_cov_1.430341_g21697_i0,-1.957303283,0.572400607,1.96E-05,0.002489375,tmem8a,coastal vs. inland
505,NODE_14931_length_989_cov_2.394130_g12321_i1,-1.961592194,0.54632307,1.13E-05,0.001705751,itpr3,coastal vs. inland
506,TRINITY_DN32535_c0_g1_i1,-1.966512381,0.656757723,8.92E-05,0.007189987,tesc,coastal vs. inland
507,NODE_5703_length_2054_cov_3.570084_g4629_i0,-1.969037739,0.510789686,3.35E-06,0.000739981,tp63,coastal vs. inland
508,NODE_1788_length_3010_cov_3.702538_g1219_i0,-1.985056803,0.39089677,1.42E-08,1.82E-05,vil1,coastal vs. inland
509,NODE_21764_length_654_cov_7.071082_g18451_i0,-1.990254882,0.722367745,0.000281973,0.014686315,lyz,coastal vs. inland
510,NODE_23499_length_468_cov_1.784504_g18069_i0,-2.000823135,1.060519357,0.001006506,0.035026259,,coastal vs. inland
511,NODE_47405_length_235_cov_1.590000_g43731_i0,-2.01538709,0.972948258,0.00116356,0.037536813,ctns,coastal vs. inland
512,NODE_21595_length_523_cov_5.673077_g16309_i0,-2.018935402,0.688650257,8.30E-05,0.006897895,krt85,coastal vs. inland
513,NODE_28328_length_473_cov_1.522831_g24710_i0,-2.024075265,1.003896909,0.001685821,0.048159793,dnah5,coastal vs. inland
514,NODE_40061_length_215_cov_1.712500_g34442_i0,-2.025765723,0.942287581,0.001246463,0.039225394,cfap52,coastal vs. inland
515,NODE_17023_length_702_cov_6.523957_g12368_i0,-2.033512066,0.705126812,0.000115613,0.008343171,comt,coastal vs. inland
516,NODE_29529_length_449_cov_2.632850_g25898_i0,-2.035830103,0.747885493,0.000350851,0.016901968,gprc5c,coastal vs. inland
517,TRINITY_DN6119_c0_g1_i1,-2.038184291,0.703288435,0.000165497,0.010697183,ano9,coastal vs. inland
518,J665960,-2.050920503,0.873939798,0.000568423,0.023641435,col7a1,coastal vs. inland
519,TRINITY_DN9003_c0_g1_i1,-2.052432522,0.45699305,2.99E-07,0.000127723,medag,coastal vs. inland
520,NODE_11821_length_1240_cov_3.376763_g9691_i0,-2.061039273,0.904473152,0.000570114,0.023641435,ddb_g0269628,coastal vs. inland
521,NODE_10456_length_1374_cov_4.460792_g5195_i1,-2.06377869,0.636925098,9.55E-05,0.007542442,,coastal vs. inland
522,TRINITY_DN12456_c0_g1_i1,-2.06458092,0.788843356,0.00033948,0.016442365,lama3,coastal vs. inland
523,NODE_13867_length_1063_cov_2.292802_g11426_i0,-2.070772611,0.833621051,0.00029292,0.015081625,gjb4,coastal vs. inland
524,NODE_31296_length_415_cov_2.489474_g27640_i0,-2.071834087,0.729959363,0.000190455,0.01172016,atp8b1,coastal vs. inland
525,TRINITY_DN12258_c0_g1_i1,-2.074249293,0.430693547,8.42E-08,5.41E-05,itpr3,coastal vs. inland
526,NODE_12755_length_967_cov_2.539474_g8227_i2,-2.092799448,0.462166111,3.61E-07,0.000141074,znf185,coastal vs. inland
527,TRINITY_DN38216_c0_g1_i1,-2.097405349,0.887117713,0.000571005,0.023641435,capn5,coastal vs. inland
528,NODE_21023_length_542_cov_2.160164_g15796_i0,-2.097560009,0.543618088,4.16E-06,0.000855496,tmem8a,coastal vs. inland
529,NODE_37307_length_328_cov_2.146758_g33633_i0,-2.103964997,0.840250004,0.000267916,0.014316652,sh2d3c,coastal vs. inland
530,TRINITY_DN14264_c0_g1_i2,-2.114066561,1.118869619,0.00090726,0.033270531,slco4c1,coastal vs. inland
531,S680196,-2.114526252,0.66031681,0.000103158,0.007921744,mx2,coastal vs. inland
532,NODE_28200_length_475_cov_3.225000_g24584_i0,-2.123348681,0.591103109,9.09E-06,0.001472931,aqp4,coastal vs. inland
533,NODE_29946_length_441_cov_3.096059_g26307_i0,-2.123900055,1.099695518,0.00095,0.034113769,mpv17l2,coastal vs. inland
534,NODE_7127_length_1796_cov_8.010789_g5786_i0,-2.127118783,0.660428582,2.99E-05,0.003397777,cldn1,coastal vs. inland
535,NODE_10896_length_1327_cov_4.958204_g8900_i0,-2.153065946,0.39541355,3.89E-09,7.83E-06,tmem30b,coastal vs. inland
536,NODE_14605_length_839_cov_3.294643_g10444_i0,-2.154823657,0.740807291,5.31E-05,0.005125644,tm4sf1,coastal vs. inland
537,TRINITY_DN15624_c0_g1_i1,-2.161447946,0.963259584,0.001006299,0.035026259,fbh1,coastal vs. inland
538,NODE_2905_length_2495_cov_3.312295_g1882_i1,-2.163393946,0.708879874,1.99E-05,0.002489375,capn2,coastal vs. inland
539,NODE_15229_length_970_cov_3.194652_g12597_i0,-2.163904581,0.400567423,2.23E-09,5.71E-06,tmem238,coastal vs. inland
540,NODE_5729_length_2049_cov_4.249752_g4652_i0,-2.172477905,0.551742188,7.51E-06,0.001322269,st6galnac1,coastal vs. inland
541,TRINITY_DN19762_c0_g1_i1,-2.175971624,0.770788495,0.00018114,0.011380763,mxra8,coastal vs. inland
542,NODE_18435_length_639_cov_1.893836_g13540_i0,-2.182491894,0.729787732,0.000108523,0.008159193,tf2-1,coastal vs. inland
543,NODE_25691_length_536_cov_2.181637_g22143_i0,-2.182653422,0.50568786,9.23E-07,0.000281216,tmprss2,coastal vs. inland
544,NODE_35842_length_346_cov_2.405145_g32168_i0,-2.184007877,0.812075412,0.000420218,0.01931175,aoah,coastal vs. inland
545,NODE_7803_length_1471_cov_4.734463_g5463_i0,-2.191567081,0.425949038,1.10E-08,1.58E-05,sdcbp2,coastal vs. inland
546,TRINITY_DN5965_c0_g2_i1,-2.198942438,0.801818906,8.08E-05,0.00678583,slc35f5,coastal vs. inland
547,TRINITY_DN1603_c0_g1_i1,-2.211478756,0.913519899,0.000527329,0.022458235,gp2,coastal vs. inland
548,TRINITY_DN5360_c0_g2_i1,-2.212347115,0.581391906,3.84E-06,0.000801327,vit,coastal vs. inland
549,NODE_6130_length_1716_cov_191.382300_g4258_i0,-2.215460451,0.671390857,4.53E-05,0.004680181,xk81b2,coastal vs. inland
550,TRINITY_DN13651_c0_g1_i1,-2.21830351,1.048243119,0.000597179,0.024387965,serpinb4,coastal vs. inland
551,NODE_28505_length_469_cov_1.986175_g24884_i0,-2.267685578,1.048846185,0.000751648,0.028983614,aoah,coastal vs. inland
552,TRINITY_DN15073_c0_g1_i1,-2.274256167,0.933111855,0.00045921,0.020628844,nox1,coastal vs. inland
553,TRINITY_DN20756_c0_g1_i1,-2.281417128,0.61756842,9.26E-06,0.001472931,atp8b1,coastal vs. inland
554,TRINITY_DN20493_c0_g2_i1,-2.296787157,0.584966383,7.16E-06,0.001286069,pkp3,coastal vs. inland
555,NODE_40478_length_212_cov_1.700637_g34859_i0,-2.305675282,0.64915073,1.53E-05,0.002106856,ccdc180,coastal vs. inland
556,NODE_2932_length_2797_cov_3.351557_g2367_i0,-2.317435594,0.739313867,3.73E-05,0.004005418,dsp,coastal vs. inland
557,NODE_23353_length_601_cov_2.766784_g19933_i0,-2.323389077,0.503661299,2.62E-07,0.000120868,pkp3,coastal vs. inland
558,TRINITY_DN5142_c0_g1_i1,-2.337308774,0.825558104,0.000403239,0.018820272,dio1,coastal vs. inland
559,NODE_18982_length_764_cov_2.211248_g15931_i0,-2.345799288,1.094998212,0.000235792,0.013323713,dsg1,coastal vs. inland
560,TRINITY_DN22203_c0_g1_i1,-2.347584907,0.969090434,0.000474537,0.020899388,ankrd9,coastal vs. inland
561,TRINITY_DN9686_c0_g5_i1,-2.384626375,0.83667977,9.61E-05,0.007542442,vil1,coastal vs. inland
562,TRINITY_DN20493_c0_g4_i1,-2.389982461,0.7004788,3.61E-05,0.003950214,pkp3,coastal vs. inland
563,TRINITY_DN10009_c0_g2_i1,-2.396297905,0.883125551,0.00023037,0.013182083,evpl,coastal vs. inland
564,NODE_9608_length_1462_cov_3.154170_g7829_i0,-2.413186834,0.464795862,1.15E-08,1.58E-05,zc3h12a,coastal vs. inland
565,NODE_17604_length_830_cov_2.315723_g14689_i0,-2.437204099,0.695592265,1.54E-05,0.002106856,cdh26,coastal vs. inland
566,TRINITY_DN9058_c0_g3_i1,-2.438657497,1.11242341,0.000940916,0.034113769,scnn1b-a,coastal vs. inland
567,J673497,-2.460897194,0.791339328,5.56E-05,0.00528299,ubap2l,coastal vs. inland
568,NODE_35408_length_352_cov_2.258675_g31734_i0,-2.482779309,0.550593658,2.86E-07,0.000127723,st14,coastal vs. inland
569,NODE_31175_length_417_cov_2.651832_g27519_i0,-2.48657794,1.007130385,0.00026539,0.014277846,dsp,coastal vs. inland
570,TRINITY_DN4939_c0_g3_i1,-2.496420927,0.491317915,1.76E-08,2.08E-05,arhgef16,coastal vs. inland
571,NODE_23388_length_471_cov_1.824519_g17962_i0,-2.506449072,0.747289487,2.70E-05,0.003145051,cyp2c50,coastal vs. inland
572,NODE_18589_length_633_cov_1.711073_g13667_i0,-2.5249245,0.871737987,7.43E-05,0.00634476,prss8,coastal vs. inland
573,NODE_24900_length_558_cov_2.049713_g21384_i0,-2.535249842,0.862883132,0.000307006,0.015583576,b4galnt2,coastal vs. inland
574,S18957,-2.561760238,0.723336871,1.14E-05,0.001705751,esrp1,coastal vs. inland
575,NODE_20655_length_697_cov_1.703927_g17429_i0,-2.563804909,0.996494941,0.000115063,0.008336995,htra1,coastal vs. inland
576,S439102,-2.56421162,1.21452,0.000640131,0.025748331,abcc3,coastal vs. inland
577,S706847,-2.572463192,0.70741197,9.24E-06,0.001472931,papln,coastal vs. inland
578,NODE_31240_length_416_cov_2.039370_g27584_i0,-2.595598809,0.958357146,0.000257091,0.01399269,lama3,coastal vs. inland
579,NODE_17997_length_658_cov_2.114428_g13167_i0,-2.598213693,0.658115185,1.98E-06,0.000500278,gjb3,coastal vs. inland
580,TRINITY_DN20765_c0_g1_i1,-2.598496051,0.973422215,0.000291278,0.015040146,cndp1,coastal vs. inland
581,TRINITY_DN1147_c0_g1_i7,-2.600276847,0.621790986,5.76E-07,0.000198999,,coastal vs. inland
582,NODE_96_length_6223_cov_15.227464_g61_i1,-2.614195657,0.54166169,7.63E-08,5.08E-05,muc5b,coastal vs. inland
583,NODE_6498_length_1659_cov_40.592269_g4532_i0,-2.618091367,0.949840806,0.000319806,0.015978343,xk81b2,coastal vs. inland
584,NODE_20301_length_710_cov_1.854815_g17120_i0,-2.668480031,0.666287873,2.71E-06,0.000641918,capn5,coastal vs. inland
585,NODE_4100_length_2132_cov_6.519499_g2845_i0,-2.670327757,0.762041625,1.35E-05,0.001910384,,coastal vs. inland
586,TRINITY_DN11015_c1_g1_i4,-2.672031583,0.770912246,7.23E-06,0.001286227,col14a1,coastal vs. inland
587,TRINITY_DN13991_c0_g3_i1,-2.684579643,0.647506504,2.23E-06,0.000540338,nxpe1,coastal vs. inland
588,NODE_25538_length_540_cov_2.295050_g21993_i0,-2.693795807,0.835268352,5.55E-05,0.00528299,srms,coastal vs. inland
589,NODE_36954_length_332_cov_3.303030_g33280_i0,-2.714959764,0.538892836,3.60E-08,3.60E-05,rasef,coastal vs. inland
590,NODE_36975_length_332_cov_2.323232_g33301_i0,-2.726648082,1.040464738,0.000333307,0.016275371,otop1,coastal vs. inland
591,NODE_117_length_6007_cov_11.616095_g77_i0,-2.738359003,0.795775919,8.43E-06,0.001405533,col17a1,coastal vs. inland
592,NODE_17643_length_828_cov_1.967213_g14720_i0,-2.744583356,0.787586502,1.94E-05,0.002489375,upk3b,coastal vs. inland
593,TRINITY_DN31333_c0_g3_i1,-2.749363552,1.107362183,0.000329609,0.016226709,papln,coastal vs. inland
594,NODE_9920_length_1231_cov_2.914966_g6925_i1,-2.758719161,0.733618837,4.95E-06,0.000967754,ppl,coastal vs. inland
595,NODE_6451_length_1667_cov_3.487593_g4497_i0,-2.765828099,1.25913247,0.001196401,0.038321097,lamp5,coastal vs. inland
596,NODE_23246_length_605_cov_1.950877_g19836_i0,-2.773740687,0.775171612,2.28E-05,0.002807441,rassf6,coastal vs. inland
597,NODE_6935_length_1830_cov_6.145961_g5635_i0,-2.78053473,0.57750228,6.31E-08,4.82E-05,mslnl,coastal vs. inland
598,NODE_20269_length_569_cov_2.054475_g14094_i1,-2.790314827,0.993184864,5.01E-05,0.004923519,galm,coastal vs. inland
599,NODE_35414_length_259_cov_2.225490_g29797_i0,-2.791606836,0.828927334,1.85E-05,0.002443108,gjb3,coastal vs. inland
600,NODE_31719_length_408_cov_1.471850_g28060_i0,-2.812047003,0.703397178,3.35E-06,0.000739981,cad96ca,coastal vs. inland
601,NODE_29289_length_453_cov_3.055024_g25660_i0,-2.812676532,0.972251382,7.45E-05,0.00634476,ankrd9,coastal vs. inland
602,TRINITY_DN34166_c0_g1_i1,-2.821589942,0.960366692,0.000198888,0.011992662,st8sia6,coastal vs. inland
603,NODE_2177_length_3171_cov_6.600128_g1733_i1,-2.837354372,0.638674511,6.40E-08,4.82E-05,msln,coastal vs. inland
604,TRINITY_DN849_c0_g3_i1,-2.843864873,0.624259598,1.69E-07,8.23E-05,col11a2,coastal vs. inland
605,TRINITY_DN31333_c0_g4_i1,-2.929858781,0.845603959,1.89E-05,0.002456729,papln,coastal vs. inland
606,TRINITY_DN4052_c0_g1_i1,-2.932797509,0.627304463,8.79E-08,5.45E-05,cd109,coastal vs. inland
607,NODE_10889_length_1328_cov_3.000773_g8895_i0,-2.951918387,0.609095429,8.70E-09,1.42E-05,krt36,coastal vs. inland
608,S61670,-2.962101196,0.843153663,2.20E-05,0.002720446,sytl1,coastal vs. inland
609,NODE_38910_length_310_cov_1.720000_g35236_i0,-3.022644291,0.891036111,3.73E-05,0.004005418,fam83a,coastal vs. inland
610,J670758,-3.062016123,0.492395147,2.72E-11,2.44E-07,trim29,coastal vs. inland
611,NODE_32312_length_398_cov_1.881543_g28651_i0,-3.118961738,0.984809644,8.41E-05,0.006904386,mxra8,coastal vs. inland
612,TRINITY_DN16942_c0_g3_i1,-3.138282844,0.662371791,6.44E-08,4.82E-05,,coastal vs. inland
613,NODE_32874_length_388_cov_2.688385_g29211_i0,-3.168432254,1.160054912,0.000105874,0.008027177,col6a2,coastal vs. inland
614,R709357,-3.188219384,1.145286916,3.09E-05,0.003496382,pkhd1l1,coastal vs. inland
615,TRINITY_DN31333_c0_g2_i1,-3.193454736,0.963110961,1.11E-05,0.001704881,papln,coastal vs. inland
616,NODE_37240_length_329_cov_1.799320_g33566_i0,-3.19940282,1.488664297,0.000963766,0.034157616,b4galt1,coastal vs. inland
617,TRINITY_DN4852_c4_g1_i2,-3.209469425,0.65419803,1.92E-08,2.08E-05,papln,coastal vs. inland
618,J671827,-3.237217106,1.239208023,9.99E-05,0.007740912,muc5b,coastal vs. inland
619,S707127,-3.244842293,0.582279139,3.68E-10,1.65E-06,pkhd1l1,coastal vs. inland
620,NODE_25295_length_547_cov_2.525391_g21760_i0,-3.274324733,0.793598799,1.66E-06,0.000451655,tcaf2,coastal vs. inland
621,NODE_24830_length_434_cov_1.778364_g19323_i0,-3.337981381,0.90058031,1.22E-05,0.00178166,mx1,coastal vs. inland
622,NODE_3453_length_2621_cov_5.753674_g2788_i0,-3.37266929,0.79582909,1.58E-07,7.87E-05,scel,coastal vs. inland
623,TRINITY_DN4588_c0_g4_i1,-3.520877079,0.806004533,8.45E-07,0.000261747,cdh26,coastal vs. inland
624,TRINITY_DN849_c0_g6_i1,-3.5664051,1.041857232,2.51E-05,0.002991546,col11a1,coastal vs. inland
625,S683931,-3.621973696,0.694591858,1.57E-09,4.72E-06,pkhd1l1,coastal vs. inland
626,TRINITY_DN33769_c0_g1_i1,-3.645680962,1.056104268,3.23E-05,0.003627273,mapk14,coastal vs. inland
627,NODE_14854_length_824_cov_2.114434_g10638_i0,-3.692439398,0.840284247,3.37E-07,0.000137464,pkhd1l1,coastal vs. inland
628,TRINITY_DN15784_c0_g1_i1,-3.776427748,1.298208005,4.92E-05,0.004923519,col14a1,coastal vs. inland
629,NODE_1284_length_3806_cov_9.718377_g1008_i0,-3.901870752,0.933775368,1.52E-06,0.000421145,eppk1,coastal vs. inland
630,S683248,-4.091051117,1.611421544,0.000157605,0.010488923,,coastal vs. inland
631,S691980,-4.111928584,1.158426525,2.57E-06,0.000615077,prss27,coastal vs. inland
632,NODE_37498_length_238_cov_1.393443_g31880_i0,-4.135191753,1.414820991,8.54E-05,0.006961998,col6a2,coastal vs. inland
633,S55082,-4.210088493,0.847342222,3.92E-09,7.83E-06,pkhd1l1,coastal vs. inland
634,NODE_23809_length_460_cov_1.851852_g18355_i0,-4.315169004,0.966989446,1.09E-07,5.77E-05,col14a1,coastal vs. inland
635,TRINITY_DN5234_c0_g2_i1,-4.403849769,0.873728209,4.76E-08,4.50E-05,tp63,coastal vs. inland
636,TRINITY_DN4134_c0_g4_i1,-4.683269839,1.368300602,2.56E-05,0.003030335,pkhd1l1,coastal vs. inland
637,TRINITY_DN14666_c1_g2_i1,-6.618388667,1.423897085,5.31E-08,4.54E-05,gp2,coastal vs. inland
,,,,,,,
,,,,,,,
,target_id,log2FoldChange,lfcSE,pvalue,padj,gene_name,comparison
1,S708515,3.95E-06,0.001442697,1.89E-07,0.000959226,cdk1-a,egg4 vs egg0
2,S707471,3.39E-07,0.001442695,1.89E-10,1.59E-06,idi1,egg4 vs egg0
3,S684160,1.01E-07,0.001442695,2.70E-08,0.000170708,acadm,egg4 vs egg0
4,J671553,-1.43E-08,0.001442695,8.71E-06,0.027600009,,egg4 vs egg0
5,J677180,-8.54E-08,0.001442695,9.29E-11,1.18E-06,aimp1,egg4 vs egg0
6,J668618,-5.38E-07,0.001442695,4.90E-14,1.24E-09,surf6,egg4 vs egg0
7,NODE_6418_length_1915_cov_59.106915_g5021_i1,-9.57E-06,0.001442705,2.67E-06,0.011276514,smyd1,egg4 vs egg0
8,R664767,-0.457593992,0.126496922,1.12E-05,0.031603119,slc25a4,egg4 vs egg0
9,R664752,-1.210234776,0.312574208,4.28E-06,0.015498622,myh8,egg4 vs egg0
,,,,,,,
,,,,,,,
,target_id,log2FoldChange,lfcSE,pvalue,padj,gene_name,comparison
1,TRINITY_DN16791_c0_g1_i1,5.781951898,0.847676819,3.17E-13,4.46E-09,aqp5,tad6 vs tad 0 
2,R664624,1.898610263,0.396688824,6.27E-08,0.000175982,art2,tad6 vs tad 0 
3,TRINITY_DN22806_c0_g1_i1,1.660052903,0.422046275,2.95E-06,0.003880842,tar1-a,tad6 vs tad 0
4,NODE_4872_length_1949_cov_2.653643_g2256_i1,1.157443234,0.398206559,0.000100224,0.034320681,speg,tad6 vs tad 0
5,TRINITY_DN2515_c0_g1_i2,0.941765595,0.308846492,5.66E-05,0.024853365,pgm1,tad6 vs tad 0
6,TRINITY_DN3453_c0_g1_i1,0.415898674,0.133995727,6.76E-05,0.028740839,cacna2d2,tad6 vs tad 0
7,NODE_23336_length_472_cov_122.546763_g17913_i0,0.000567515,0.033130204,8.28E-05,0.03058366,rps28,tad6 vs tad 0
8,NODE_22200_length_505_cov_2.080000_g16866_i0,0.000254224,0.033125118,1.46E-08,6.85E-05,mbd3,tad6 vs tad 0
9,NODE_26250_length_400_cov_23.359420_g20693_i0,0.000250194,0.033125065,1.16E-08,6.85E-05,isyna1-b,tad6 vs tad 0
10,S706691,0.00021743,0.03312474,1.25E-07,0.000291914,sgta,tad6 vs tad 0
11,R671092,0.000191058,0.033124505,6.57E-07,0.001025124,oaz,tad6 vs tad 0
12,NODE_47391_length_235_cov_1.765000_g43717_i0,-0.001396509,0.033162757,8.35E-05,0.03058366,,tad6 vs tad 0
13,S708515,-0.003691654,0.033424775,5.55E-06,0.005673826,cdk1-a,tad6 vs tad 0
14,NODE_9140_length_1313_cov_5.432432_g3520_i3,-0.012204057,0.036497554,1.38E-05,0.008411198,msln,tad6 vs tad 0
15,NODE_5325_length_2135_cov_27.213810_g4312_i0,-0.012532478,0.036639572,0.000132202,0.043165595,atp6v1a,tad6 vs tad 0
16,NODE_11321_length_1087_cov_12.259690_g7947_i0,-0.01268785,0.036737644,9.92E-05,0.034320681,akr1c3,tad6 vs tad 0
17,NODE_4259_length_2390_cov_6.745648_g3444_i0,-0.013747356,0.037397021,8.50E-05,0.03058366,entpd8,tad6 vs tad 0
18,NODE_12081_length_1214_cov_12.027142_g9909_i0,-0.015418745,0.038647204,7.16E-06,0.005910459,sult6b1,tad6 vs tad 0
19,S673541,-0.015494284,0.038763045,1.51E-07,0.000303629,cyp4b1,tad6 vs tad 0
20,NODE_8954_length_1331_cov_35.148119_g6288_i0,-0.015615422,0.038790437,9.64E-06,0.006768696,nmral1,tad6 vs tad 0
21,R684587,-0.016911533,0.039852224,5.21E-06,0.005673826,atp6v0a4,tad6 vs tad 0
22,R676867,-0.017120932,0.039967863,3.76E-05,0.017588469,arrdc3,tad6 vs tad 0
23,NODE_10896_length_1327_cov_4.958204_g8900_i0,-0.018140682,0.040888487,3.02E-05,0.01460781,tmem30b,tad6 vs tad 0
24,TRINITY_DN9469_c0_g2_i1,-0.019271688,0.042049407,9.40E-06,0.006768696,akr1c3,tad6 vs tad 0
25,TRINITY_DN1213_c0_g1_i2,-0.437798176,0.129959584,2.79E-05,0.014510106,actn4,tad6 vs tad 0
26,NODE_5753_length_1778_cov_34.194428_g4000_i0,-0.489520665,0.167042888,8.02E-05,0.03058366,oxct1,tad6 vs tad 0
27,S332154,-0.54039582,0.161660068,2.90E-05,0.014554689,tjp2,tad6 vs tad 0
28,NODE_3881_length_2186_cov_20.383857_g2618_i1,-0.550252904,0.180872672,7.50E-05,0.03058366,spint2,tad6 vs tad 0
29,S680588,-0.576324925,0.152224566,5.66E-06,0.005673826,gna14,tad6 vs tad 0
30,NODE_3595_length_2259_cov_20.766334_g2482_i0,-0.694849668,0.244077164,0.000136778,0.043644652,tgm3,tad6 vs tad 0
31,NODE_7049_length_1577_cov_3.021682_g4916_i0,-0.713362773,0.2058606,1.87E-05,0.010523591,foxq1,tad6 vs tad 0
32,NODE_15391_length_958_cov_11.949079_g12741_i0,-0.740619068,0.249656787,0.000109301,0.036537869,htatip2,tad6 vs tad 0
33,NODE_14052_length_1050_cov_46.622660_g11577_i0,-0.754251484,0.174710126,6.12E-07,0.001025124,cbr1,tad6 vs tad 0
34,NODE_9684_length_1256_cov_2.562864_g6775_i0,-0.767486244,0.251652271,7.80E-05,0.03058366,gpr107,tad6 vs tad 0
35,NODE_5578_length_2083_cov_4.186523_g4525_i0,-0.797745329,0.224653107,1.36E-05,0.008411198,sytl2,tad6 vs tad 0
36,NODE_18031_length_656_cov_21.474210_g13194_i0,-1.000231954,0.299258216,2.32E-05,0.012512148,atp6v1g3,tad6 vs tad 0
37,TRINITY_DN1045_c0_g1_i3,-1.050984641,0.29690272,1.35E-05,0.008411198,upk1a,tad6 vs tad 0
38,NODE_10887_length_1129_cov_13.421788_g4655_i1,-1.05285415,0.285809389,6.99E-06,0.005910459,cyp4a2,tad6 vs tad 0
39,NODE_14933_length_988_cov_456.532004_g7571_i2,-1.065125265,0.271320725,3.04E-06,0.003880842,gstp1,tad6 vs tad 0
40,NODE_13351_length_1101_cov_3.186679_g9709_i1,-1.161021015,0.332438812,1.71E-05,0.00999824,slc16a14,tad6 vs tad 0
41,NODE_9164_length_1309_cov_3.268740_g6436_i0,-1.249851851,0.342132192,9.25E-06,0.006768696,abcb1a,tad6 vs tad 0
42,TRINITY_DN33252_c0_g1_i1,-1.504500344,0.413562132,7.08E-06,0.005910459,atp6v0d2,tad6 vs tad 0
43,S677059,-1.505286671,0.489051299,3.93E-05,0.017800609,gstp1,tad6 vs tad 0
44,S65663,-1.648838854,0.342403603,3.32E-08,0.000116638,cmbl,tad6 vs tad 0
,,,,,,,
,,,,,,,
,target_id,log2FoldChange,lfcSE,pvalue,padj,gene_name,comparison
1,J668618,3.85E-07,0.001442695,6.03E-09,0.000115031,surf6,coastal x tad6
2,NODE_14770_length_999_cov_1.945021_g12203_i0,-1.24E-07,0.001442695,5.49E-07,0.002783082,slc26a4,coastal x tad6
3,NODE_41266_length_285_cov_1.568000_g37592_i0,-2.40E-07,0.001442695,1.94E-07,0.001231484,hoxa13,coastal x tad6
4,NODE_43527_length_264_cov_2.218341_g39853_i0,-2.53E-07,0.001442695,9.08E-09,0.000115031,,coastal x tad6
5,S707471,-2.98E-07,0.001442695,9.83E-08,0.000830096,idi1,coastal x tad6
,,,,,,,
,,,,,,,
,target_id,log2FoldChange,lfcSE,pvalue,padj,gene_name,comparison
1,NODE_10896_length_1327_cov_4.958204_g8900_i0,1.07E-05,0.001442707,6.78E-06,0.031606044,tmem30b,coastal x egg4
2,TRINITY_DN4939_c0_g3_i1,8.56E-06,0.001442702,1.16E-05,0.042062049,arhgef16,coastal x egg4
3,J670758,8.25E-06,0.001442702,7.48E-06,0.031606044,trim29,coastal x egg4
4,NODE_10402_length_1180_cov_2.924444_g6810_i1,1.54E-06,0.001442695,7.11E-06,0.031606044,abhd13,coastal x egg4
5,TRINITY_DN17891_c0_g2_i1,7.76E-07,0.001442695,5.93E-06,0.031606044,,coastal x egg4
6,TRINITY_DN17891_c0_g1_i1,7.55E-07,0.001442695,5.61E-06,0.031606044,,coastal x egg4
7,S707471,3.29E-07,0.001442695,3.70E-09,9.36E-05,idi1,coastal x egg4